ts_code,trade_date,open,high,low,close,pre_close,change,pct_chg,vol,amount,ma5,ma_v_5,ma10,ma_v_10,ma20,ma_v_20,ma30,ma_v_30,ma60,ma_v_60,ma90,ma_v_90,ma120,ma_v_120
300583.SZ,20170706,52.45,52.62,51.67,52.13,52.39,-0.26,-0.5,8314.87,43427.429,52.09,7834.16,51.62,6517.53,51.69,7575.51,51.44,8668.32,54.46,9967.46,61.31,17792.6,63.2,21101.64
300583.SZ,20170707,52.2,53.74,51.95,53.18,52.13,1.06,2.03,15724.87,83731.329,52.35,9057.19,51.86,7456.5,51.75,8006.53,51.54,8856.23,54.28,9880.42,61.06,17157.1,63.16,21231.47
300583.SZ,20170710,52.87,52.87,51.67,51.77,53.18,-1.42,-2.66,10883.28,56917.497,52.24,9749.97,51.89,8085.38,51.84,8123.27,51.59,8876.44,54.1,9824.97,60.81,16786.58,63.07,21321.93
300583.SZ,20170711,51.5,52.0,50.51,50.66,51.77,-1.11,-2.14,6820.47,35071.731,52.03,9880.26,51.79,8208.27,51.83,8114.7,51.58,8745.61,53.9,9775.26,60.53,16440.39,62.91,21378.05
300583.SZ,20170712,50.78,51.05,49.52,50.75,50.66,0.09,0.18,5857.42,29523.576,51.7,9520.18,51.79,8301.41,51.8,8016.11,51.58,8498.06,53.72,9725.17,60.28,16032.05,62.69,21425.86
300583.SZ,20170713,50.55,50.79,50.0,50.21,50.75,-0.54,-1.06,4640.05,23420.209,51.31,8785.22,51.7,8309.69,51.68,7492.91,51.62,8311.4,53.56,9607.76,60.02,15705.68,62.4,21461.09
300583.SZ,20170714,50.2,50.2,49.59,49.61,50.21,-0.6,-1.19,5919.21,29580.361,50.6,6824.09,51.48,7940.64,51.51,7280.81,51.59,8129.0,53.39,9538.49,59.76,15506.42,62.18,20638.43
300583.SZ,20170717,48.78,48.78,44.66,44.67,49.61,-4.95,-9.96,18234.55,83921.237,49.18,8294.34,50.71,9022.15,51.11,7754.83,51.37,8406.09,53.11,9598.32,59.42,15368.88,61.97,20128.03
300583.SZ,20170718,44.51,45.39,44.19,45.07,44.67,0.4,0.89,8515.18,38225.405,48.06,8633.28,50.04,9256.77,50.76,7759.12,51.17,8491.17,52.85,9567.76,59.08,15121.41,61.75,19637.38
300583.SZ,20170719,44.92,45.66,44.41,45.23,45.07,0.16,0.35,5788.82,26097.956,46.96,8619.56,49.33,9069.87,50.41,7775.71,50.92,8195.04,52.59,9551.69,58.75,14920.84,61.57,19301.16
300583.SZ,20170720,45.07,45.81,44.98,45.04,45.23,-0.19,-0.42,7475.41,34026.029,45.92,9186.63,48.62,8985.93,50.12,7751.73,50.67,8045.65,52.36,9513.36,58.44,14744.73,61.4,19058.61
300583.SZ,20170721,45.16,45.16,44.61,44.73,45.04,-0.31,-0.69,4786.64,21492.605,44.95,8960.12,47.77,7892.1,49.82,7674.3,50.42,7968.39,52.12,9448.21,58.12,14609.28,61.21,18811.55
300583.SZ,20170724,44.22,45.31,44.21,45.08,44.73,0.35,0.78,5980.47,26854.841,45.03,6509.3,47.11,7401.82,49.5,7743.6,50.26,7882.79,51.9,9365.68,57.78,14203.48,61.03,18613.2
300583.SZ,20170725,45.1,45.45,44.81,45.06,45.08,-0.02,-0.04,5124.42,23165.01,45.03,5831.15,46.55,7232.22,49.17,7720.24,50.07,7820.54,51.67,9042.91,57.43,13737.7,60.87,18398.95
300583.SZ,20170726,44.86,45.19,44.36,44.51,45.06,-0.55,-1.22,4731.34,21170.457,44.88,5619.66,45.92,7119.61,48.86,7710.51,49.84,7717.28,51.43,8924.97,57.03,13033.16,60.69,18276.47
300583.SZ,20170727,44.52,46.36,44.52,45.89,44.51,1.38,3.09,11738.25,53496.323,45.05,6472.22,45.49,7829.43,48.59,8069.56,49.61,7605.08,51.21,8949.3,56.65,12649.4,60.53,18215.93
300583.SZ,20170728,45.7,46.04,45.24,45.32,45.89,-0.57,-1.24,7149.9,32688.897,45.17,6944.88,45.06,7952.5,48.27,7946.57,49.36,7504.7,50.98,8926.43,56.29,12204.9,60.35,18107.28
300583.SZ,20170731,45.06,45.66,45.04,45.41,45.32,0.09,0.2,5298.82,24075.982,45.24,6808.55,45.13,6658.93,47.92,7840.54,49.12,7389.53,50.78,8870.16,55.92,11933.12,60.15,17866.98
300583.SZ,20170801,45.56,45.57,44.92,45.47,45.41,0.06,0.13,6086.92,27595.944,45.32,7001.05,45.17,6416.1,47.61,7836.44,48.9,7311.44,50.6,8808.14,55.54,11731.85,59.96,17682.1
300583.SZ,20170802,45.42,45.46,44.6,44.72,45.47,-0.75,-1.65,4982.37,22457.712,45.36,7051.25,45.12,6335.45,47.23,7702.66,48.64,7295.63,50.43,8753.58,55.15,11412.73,59.76,17499.24
300583.SZ,20170803,44.66,45.7,44.46,44.98,44.72,0.26,0.58,4902.0,22181.26,45.18,5684.0,45.12,6078.11,46.87,7532.02,48.45,7193.86,50.25,8689.14,54.75,10893.0,59.56,17312.07
300583.SZ,20170804,45.16,45.17,44.73,44.76,44.98,-0.22,-0.49,4770.44,21453.402,45.07,5208.11,45.12,6076.49,46.45,6984.3,48.25,7141.7,50.09,8586.79,54.36,10645.54,59.38,17138.19
300583.SZ,20170807,44.62,45.54,44.62,45.38,44.76,0.62,1.38,5713.6,25927.951,45.06,5291.07,45.15,6049.81,46.13,6725.81,48.05,7179.0,49.94,8465.1,53.99,10423.54,59.19,16979.34
300583.SZ,20170808,45.35,45.55,45.09,45.43,45.38,0.05,0.11,4383.6,19915.358,45.05,4950.4,45.19,5975.72,45.87,6603.97,47.84,7138.74,49.8,8361.4,53.64,10204.61,59.0,16814.12
300583.SZ,20170809,45.43,45.59,45.17,45.49,45.43,0.06,0.13,4404.23,20027.37,45.21,4834.77,45.29,5943.01,45.6,6531.31,47.67,7121.34,49.68,8291.02,53.35,9844.41,58.79,16347.75
300583.SZ,20170810,45.41,45.87,44.92,45.05,45.49,-0.44,-0.97,6060.41,27589.246,45.22,5066.46,45.2,5375.23,45.34,6602.33,47.46,7171.45,49.52,8211.04,53.07,9662.15,58.57,16110.76
300583.SZ,20170811,44.91,45.09,44.57,44.7,45.05,-0.35,-0.78,4432.41,19892.724,45.21,4998.85,45.14,5103.48,45.1,6527.99,47.23,6998.87,49.36,8094.92,52.78,9553.52,58.36,15854.72
300583.SZ,20170814,44.71,45.5,44.64,45.34,44.7,0.64,1.43,5034.42,22832.594,45.2,4863.01,45.13,5077.04,45.13,5867.98,46.99,6919.37,49.22,8051.48,52.49,9446.8,58.18,15675.78
300583.SZ,20170815,45.43,47.2,45.35,46.26,45.34,0.92,2.03,10883.84,50506.805,45.37,6163.06,45.21,5556.73,45.19,5986.42,46.81,7076.53,49.07,8056.19,52.21,9414.07,57.99,15621.03
300583.SZ,20170816,46.26,47.11,45.61,46.76,46.26,0.5,1.08,9966.65,46594.988,45.62,7275.55,45.42,6055.16,45.27,6195.31,46.62,7153.5,48.98,8010.91,51.96,9340.4,57.8,15513.86
300583.SZ,20170817,46.51,46.9,46.41,46.84,46.76,0.08,0.17,7309.26,34195.633,45.98,7525.32,45.6,6295.89,45.36,6187.0,46.45,7119.97,48.94,7894.15,51.79,9018.3,57.59,15124.44
300583.SZ,20170818,46.59,46.59,45.94,46.05,46.84,-0.79,-1.68,7305.0,33809.604,46.25,8099.83,45.73,6549.34,45.42,6312.92,46.21,6839.31,48.88,7847.77,51.59,8866.72,57.35,14577.66
300583.SZ,20170821,46.21,46.69,46.1,46.63,46.05,0.58,1.26,5912.0,27535.243,46.51,8275.35,45.86,6569.18,45.5,6309.49,46.04,6673.6,48.81,7775.02,51.41,8774.51,57.12,14258.34
300583.SZ,20170822,46.89,47.18,46.55,46.75,46.63,0.12,0.26,8267.0,38810.597,46.61,7751.98,45.99,6957.52,45.59,6466.62,45.91,6721.82,48.74,7733.71,51.24,8757.45,56.88,14010.75
300583.SZ,20170823,46.77,46.83,46.11,46.55,46.75,-0.2,-0.43,4900.09,22845.482,46.56,6738.67,46.09,7007.11,45.69,6475.06,45.77,6689.91,48.67,7593.98,51.07,8713.42,56.66,13696.51
300583.SZ,20170824,46.56,46.78,46.13,46.14,46.55,-0.41,-0.88,7112.0,33112.781,46.42,6699.22,46.2,7112.27,45.7,6243.75,45.63,6772.31,48.63,7541.86,50.92,8662.61,56.42,13472.34
300583.SZ,20170825,46.18,47.81,46.06,47.21,46.14,1.07,2.31,11097.25,52530.354,46.66,7457.67,46.45,7778.75,45.8,6441.12,45.55,6944.91,48.57,7536.95,50.78,8673.96,56.21,13366.04
300583.SZ,20170828,47.11,48.4,47.02,48.08,47.21,0.88,1.86,16373.73,78372.336,46.95,9550.01,46.73,8912.68,45.93,6994.86,45.66,6882.88,48.52,7644.49,50.63,8693.17,55.98,13247.38
300583.SZ,20170829,48.38,48.76,47.6,48.09,48.08,0.01,0.02,13461.34,64829.438,47.21,10588.88,46.91,9170.43,46.06,7363.58,45.77,7047.75,48.47,7769.46,50.49,8727.76,55.75,13103.0
300583.SZ,20170830,47.71,47.97,47.43,47.51,48.09,-0.59,-1.22,7759.85,37080.82,47.41,11160.83,46.98,8949.75,46.2,7502.46,45.84,7113.46,48.38,7654.25,50.34,8738.95,55.52,12968.99
300583.SZ,20170831,47.76,49.3,47.29,48.91,47.51,1.41,2.96,14418.42,70133.858,47.96,12622.12,47.19,9660.67,46.4,7978.28,45.97,7344.89,48.32,7695.27,50.23,8790.54,55.32,12894.77
300583.SZ,20170901,48.76,49.15,48.23,48.67,48.91,-0.24,-0.49,9368.21,45658.754,48.25,12276.31,47.45,9866.99,46.59,8208.17,46.1,7497.61,48.26,7733.0,50.12,8798.01,55.12,12831.36
300583.SZ,20170904,48.8,49.17,48.33,48.65,48.67,-0.02,-0.04,7539.05,36829.347,48.37,10509.37,47.66,10029.69,46.76,8299.44,46.22,7549.56,48.24,7716.18,50.01,8760.31,54.89,12540.0
300583.SZ,20170905,48.65,48.81,48.31,48.51,48.65,-0.14,-0.29,6095.66,29632.052,48.45,9036.24,47.83,9812.56,46.91,8385.04,46.34,7581.94,48.2,7701.24,49.89,8555.92,54.66,12198.76
300583.SZ,20170906,48.39,48.39,47.72,48.23,48.51,-0.28,-0.58,7105.41,34260.41,48.59,8905.35,48.0,10033.09,47.05,8520.1,46.46,7661.07,48.15,7689.17,49.77,8503.67,54.39,11690.14
300583.SZ,20170907,48.22,49.39,48.22,48.53,48.23,0.3,0.62,11583.01,56746.214,48.52,8338.27,48.24,10480.19,47.22,8796.23,46.55,7655.9,48.08,7630.49,49.66,8518.17,54.12,11401.02
300583.SZ,20170908,48.53,51.54,48.31,50.12,48.53,1.59,3.27,24135.13,121742.49,48.81,11291.65,48.53,11783.98,47.49,9781.37,46.71,8222.07,48.03,7863.39,49.56,8691.64,53.9,11209.2
300583.SZ,20170911,49.48,50.9,49.38,50.72,50.12,0.6,1.19,16720.88,83830.73,49.22,13128.02,48.79,11818.7,47.76,10365.69,46.88,8602.81,48.0,7996.17,49.48,8781.04,53.66,11100.54
300583.SZ,20170912,50.23,50.68,49.28,49.33,50.72,-1.39,-2.74,12605.0,62961.815,49.39,14429.89,48.92,11733.06,47.91,10451.75,47.01,8820.08,47.95,8065.76,49.4,8812.12,53.41,11003.91
300583.SZ,20170913,49.3,49.85,49.29,49.63,49.33,0.3,0.61,5835.0,28994.354,49.67,14175.8,49.13,11540.58,48.06,10245.16,47.18,8848.5,47.91,8072.06,49.35,8785.22,53.16,10771.68
300583.SZ,20170914,49.63,50.2,49.14,49.51,49.63,-0.12,-0.24,10198.15,50723.236,49.86,13898.83,49.19,11118.55,48.19,10389.61,47.33,9025.03,47.89,8109.45,49.28,8801.11,52.9,10426.01
300583.SZ,20170915,49.28,49.4,48.41,48.48,49.51,-1.03,-2.08,8311.41,40608.354,49.53,10734.09,49.17,11012.87,48.31,10439.93,47.45,9143.07,47.85,8142.38,49.21,8772.21,52.63,10269.92
300583.SZ,20170918,48.59,48.88,48.21,48.73,48.48,0.25,0.51,4423.41,21522.671,49.14,8274.59,49.18,10701.31,48.42,10365.5,47.56,9100.06,47.81,8139.53,49.15,8676.75,52.38,10092.67
300583.SZ,20170919,48.72,49.2,48.61,48.69,48.73,-0.04,-0.08,5486.0,26835.045,49.01,6850.79,49.2,10640.34,48.51,10226.45,47.67,9136.81,47.76,8137.77,49.09,8619.87,52.15,9937.66
300583.SZ,20170920,48.52,49.09,48.21,48.91,48.69,0.22,0.45,6707.76,32679.181,48.86,7025.35,49.27,10600.58,48.63,10316.83,47.79,9213.59,47.73,8167.47,49.05,8598.55,51.96,9686.71
300583.SZ,20170921,49.0,49.23,48.4,48.4,48.91,-0.51,-1.04,6124.06,29975.444,48.64,6210.53,49.25,10054.68,48.75,10267.44,47.9,9215.71,47.68,8193.58,48.98,8545.93,51.78,9550.54
300583.SZ,20170922,48.1,48.89,48.1,48.69,48.4,0.29,0.6,5635.01,27407.845,48.68,5675.25,49.11,8204.67,48.82,9994.32,48.03,9255.8,47.63,8127.34,48.91,8481.88,51.59,9479.09
300583.SZ,20170925,48.69,49.1,48.45,48.69,48.69,0.0,0.0,6344.84,31028.595,48.68,6059.53,48.91,7167.06,48.85,9492.88,48.14,9299.48,47.57,8109.43,48.86,8467.48,51.4,9409.97
300583.SZ,20170926,48.55,48.88,45.95,46.94,48.69,-1.76,-3.61,9175.01,43973.108,48.33,6797.34,48.67,6824.07,48.79,9278.56,48.17,9242.52,47.49,8159.53,48.77,8451.63,51.2,9371.18
300583.SZ,20170927,47.0,47.87,46.95,47.62,46.94,0.69,1.47,5197.36,24636.278,48.07,6495.26,48.47,6760.3,48.8,9150.44,48.19,9083.54,47.41,8118.52,48.72,8368.46,51.02,9276.19
300583.SZ,20170928,47.62,47.91,47.0,47.0,47.62,-0.63,-1.32,4536.43,21611.702,47.79,6177.73,48.22,6194.13,48.7,8656.34,48.2,8991.12,47.32,8055.55,48.69,8259.8,50.89,9011.5
300583.SZ,20170929,46.76,47.88,46.76,47.7,47.0,0.71,1.51,3679.37,17525.722,47.59,5786.6,48.14,5730.93,48.65,8371.9,48.25,8870.26,47.23,7854.79,48.67,8188.6,50.75,8867.6
300583.SZ,20171009,48.24,48.7,47.97,48.08,47.7,0.38,0.8,4296.62,20732.344,47.47,5376.96,48.07,5718.25,48.63,8209.78,48.3,8816.42,47.17,7745.01,48.64,8122.15,50.64,8784.99
300583.SZ,20171010,47.9,49.59,47.9,49.49,48.08,1.41,2.93,13581.19,66772.25,47.98,6258.19,48.15,6527.77,48.67,8584.05,48.39,8993.55,47.15,7857.69,48.63,8153.66,50.53,8816.47
300583.SZ,20171011,49.32,50.15,48.75,48.86,49.49,-0.63,-1.27,11591.45,57362.094,48.23,7537.01,48.15,7016.13,48.71,8808.35,48.47,9216.6,47.12,7953.26,48.6,8134.86,50.42,8839.21
300583.SZ,20171012,48.74,49.35,48.4,48.6,48.86,-0.26,-0.53,7146.63,34979.708,48.55,8059.05,48.17,7118.39,48.71,8586.54,48.55,9217.75,47.09,7995.03,48.6,8100.49,50.33,8801.4
300583.SZ,20171013,48.6,50.1,48.48,49.45,48.6,0.85,1.75,9832.67,48712.438,48.9,9289.71,48.24,7538.16,48.68,7871.41,48.63,9175.6,47.09,8060.26,48.59,8083.17,50.24,8799.37
300583.SZ,20171016,49.1,49.1,47.41,47.54,49.45,-1.92,-3.87,11796.69,56831.962,48.79,10789.73,48.13,8083.34,48.52,7625.2,48.61,9023.03,47.14,7952.96,48.55,8104.0,50.12,8775.64
300583.SZ,20171017,47.12,48.11,47.12,47.88,47.54,0.35,0.73,4290.2,20545.682,48.47,8931.53,48.22,7594.86,48.44,7209.46,48.6,8717.33,47.18,7882.54,48.51,8085.42,50.02,8725.15
300583.SZ,20171018,48.0,48.15,46.78,46.81,47.88,-1.08,-2.25,5704.41,27171.36,48.06,7754.12,48.14,7645.57,48.3,7202.93,48.58,8648.81,47.21,7881.13,48.45,7985.77,49.9,8716.41
300583.SZ,20171019,46.82,47.09,46.41,46.68,46.81,-0.13,-0.28,4648.0,21745.531,47.67,7254.39,48.11,7656.72,48.16,6925.43,48.5,8323.13,47.24,7834.01,48.38,7904.56,49.8,8673.69
300583.SZ,20171020,46.29,47.08,46.29,47.0,46.68,0.32,0.68,2361.67,11095.386,47.18,5760.19,48.04,7524.95,48.09,6627.94,48.45,8089.58,47.28,7793.6,48.32,7851.86,49.7,8620.9
300583.SZ,20171023,47.46,47.59,46.99,47.42,47.0,0.42,0.89,3395.0,16109.279,47.16,4079.86,47.97,7434.79,48.02,6576.52,48.41,7951.45,47.31,7750.5,48.3,7794.6,49.61,8558.09
300583.SZ,20171024,47.56,47.58,46.53,46.91,47.42,-0.51,-1.07,3663.0,17245.926,46.96,3954.42,47.72,6442.97,47.93,6485.37,48.35,7870.36,47.35,7726.15,48.25,7757.61,49.51,8384.53
300583.SZ,20171025,47.05,47.8,46.87,47.8,46.91,0.9,1.91,5347.92,25464.807,47.16,3883.12,47.61,5818.62,47.88,6417.38,48.34,7811.78,47.4,7736.42,48.21,7730.04,49.42,8330.7
300583.SZ,20171026,47.79,48.16,47.66,48.09,47.8,0.29,0.61,5989.0,28807.544,47.44,4151.32,47.56,5702.86,47.86,6410.62,48.33,7625.31,47.44,7640.6,48.16,7628.76,49.32,8294.95
300583.SZ,20171027,48.04,48.26,47.47,47.48,48.09,-0.62,-1.29,4401.02,21113.398,47.54,4559.19,47.36,5159.69,47.8,6348.92,48.24,6967.51,47.47,7594.79,48.1,7564.76,49.23,8260.61
300583.SZ,20171030,47.26,47.7,44.91,45.56,47.48,-1.92,-4.04,6828.0,31536.832,47.17,5245.79,47.16,4662.82,47.65,6373.08,48.07,6637.74,47.48,7620.27,48.02,7543.36,49.13,8245.22
300583.SZ,20171031,45.41,46.1,45.27,46.01,45.56,0.45,0.99,4061.23,18659.606,46.99,5325.43,46.98,4639.93,47.6,6117.39,47.96,6352.95,47.48,7586.51,47.95,7494.82,49.04,8197.33
300583.SZ,20171101,45.91,46.79,45.72,46.47,46.01,0.46,1.0,5309.64,24675.811,46.72,5317.78,46.94,4600.45,47.54,6123.01,47.85,6335.44,47.51,7591.97,47.89,7493.19,48.97,8172.77
300583.SZ,20171102,46.22,47.88,46.22,47.04,46.47,0.57,1.22,9937.41,47157.303,46.51,6107.46,46.98,5129.39,47.54,6393.06,47.77,6326.75,47.55,7675.89,47.85,7515.21,48.9,8182.52
300583.SZ,20171103,47.05,47.18,45.51,46.14,47.04,-0.9,-1.91,6080.42,28342.092,46.24,6443.34,46.89,5501.26,47.47,6513.11,47.69,6252.38,47.57,7697.72,47.8,7512.38,48.83,8142.25
300583.SZ,20171106,46.67,47.17,46.12,47.1,46.14,0.96,2.08,4529.41,21139.184,46.55,5983.62,46.86,5614.71,47.42,6524.75,47.64,6255.91,47.6,7677.99,47.75,7511.66,48.77,8071.54
300583.SZ,20171107,47.11,47.16,46.42,46.86,47.1,-0.24,-0.51,4044.23,18893.299,46.72,5980.22,46.86,5652.83,47.28,6047.9,47.57,6207.85,47.62,7672.33,47.7,7494.47,48.71,8016.87
300583.SZ,20171108,46.83,47.69,46.77,47.53,46.86,0.67,1.43,7401.26,35204.961,46.93,6398.55,46.83,5858.16,47.22,5838.39,47.53,6230.97,47.66,7722.28,47.66,7521.97,48.67,8006.65
300583.SZ,20171109,47.41,47.56,47.04,47.31,47.53,-0.22,-0.46,4818.45,22785.128,46.99,5374.75,46.75,5741.11,47.15,5721.98,47.49,6187.45,47.69,7701.58,47.62,7524.87,48.61,7956.31
300583.SZ,20171110,47.38,47.79,47.17,47.72,47.31,0.42,0.89,6919.04,33016.004,47.3,5542.48,46.77,5992.91,47.07,5576.3,47.46,6230.25,47.75,7743.03,47.57,7494.97,48.55,7918.97
300583.SZ,20171113,47.84,48.43,47.6,48.25,47.72,0.53,1.11,9248.55,44647.923,47.53,6486.31,47.04,6234.96,47.1,5448.89,47.44,6327.04,47.79,7813.26,47.53,7515.3,48.5,7932.37
300583.SZ,20171114,48.25,48.45,47.39,47.5,48.25,-0.76,-1.57,8665.71,41486.149,47.66,7410.6,47.19,6695.41,47.08,5667.67,47.46,6310.07,47.81,7776.29,47.48,7543.04,48.44,7916.24
300583.SZ,20171115,47.2,47.79,46.65,46.7,47.5,-0.8,-1.68,5124.0,24219.952,47.5,6955.15,47.22,6676.85,47.08,5638.65,47.43,6307.62,47.81,7695.58,47.42,7514.89,48.4,7853.25
300583.SZ,20171116,46.7,46.96,46.05,46.07,46.7,-0.63,-1.35,5065.24,23568.921,47.25,7004.51,47.12,6189.63,47.05,5659.51,47.4,6325.25,47.8,7658.18,47.35,7478.78,48.37,7776.16
300583.SZ,20171117,46.0,46.28,44.08,44.11,46.07,-1.96,-4.25,9095.41,40914.973,46.53,7439.78,46.92,6491.13,46.9,5996.2,47.28,6505.78,47.77,7688.02,47.25,7405.12,48.32,7767.9
300583.SZ,20171120,44.18,44.77,42.72,44.13,44.11,0.02,0.05,6062.0,26497.54,45.7,6802.47,46.62,6644.39,46.74,6129.55,47.15,6564.63,47.73,7690.52,47.16,7351.55,48.27,7732.77
300583.SZ,20171121,44.13,44.5,43.25,43.77,44.13,-0.36,-0.81,4265.7,18767.648,44.96,5922.47,46.31,6666.54,46.58,6159.68,46.96,6254.11,47.68,7623.83,47.09,7323.16,48.21,7678.77
300583.SZ,20171122,43.79,44.3,43.24,43.9,43.77,0.13,0.3,2768.23,12155.134,44.4,5451.32,45.95,6203.23,46.39,6030.7,46.79,5960.0,47.63,7588.3,47.01,7288.84,48.15,7591.14
300583.SZ,20171123,43.81,44.3,43.16,43.23,43.9,-0.67,-1.52,3823.23,16796.068,43.83,5202.91,45.54,6103.71,46.14,5922.41,46.62,5849.22,47.58,7533.49,46.93,7279.76,48.11,7537.67
300583.SZ,20171124,43.0,43.61,42.91,43.14,43.23,-0.09,-0.21,2417.0,10478.815,43.63,3867.23,45.08,5653.51,45.93,5823.21,46.41,5602.04,47.52,7388.82,46.86,7240.85,48.04,7462.89
300583.SZ,20171127,43.01,43.38,42.74,42.84,43.14,-0.3,-0.69,2440.64,10521.078,43.38,3142.96,44.54,4972.72,45.79,5603.84,46.25,5290.17,47.43,7156.6,46.84,7065.36,47.97,7400.54
300583.SZ,20171128,42.91,43.88,42.91,43.66,42.84,0.82,1.91,2815.87,12254.204,43.35,2852.99,44.16,4387.73,45.67,5541.57,46.11,5241.02,47.36,6979.18,46.83,7002.04,47.91,7374.32
300583.SZ,20171129,43.7,43.7,42.92,43.35,43.66,-0.31,-0.71,2793.12,12115.173,43.24,2857.97,43.82,4154.64,45.52,5415.75,45.99,5143.98,47.29,6896.4,46.8,6968.75,47.83,7275.32
300583.SZ,20171130,43.31,43.9,43.11,43.3,43.35,-0.05,-0.12,3149.76,13720.486,43.26,2723.28,43.54,3963.1,45.33,5076.36,45.88,5094.04,47.19,6708.59,46.78,6920.69,47.76,7201.93
300583.SZ,20171201,43.14,43.58,42.96,43.44,43.3,0.14,0.32,3721.02,16155.65,43.32,2984.08,43.48,3425.66,45.2,4958.39,45.76,5139.35,47.11,6614.47,46.77,6908.85,47.68,7173.73
300583.SZ,20171204,43.12,43.21,40.42,41.04,43.44,-2.41,-5.54,8199.0,34428.659,42.96,4135.75,43.17,3639.36,44.89,5141.87,45.55,5299.48,46.98,6625.47,46.73,6933.5,47.61,7170.82
300583.SZ,20171205,40.8,41.29,39.27,39.66,41.04,-1.38,-3.36,6276.82,25336.679,42.16,4827.94,42.76,3840.47,44.53,5253.5,45.31,5386.61,46.83,6628.48,46.67,6946.3,47.52,7164.86
300583.SZ,20171206,39.86,40.57,39.54,40.44,39.66,0.78,1.96,4336.0,17394.56,41.58,5136.52,42.41,3997.25,44.18,5100.24,45.06,5352.88,46.7,6582.33,46.62,6941.91,47.43,7135.75
300583.SZ,20171207,40.44,40.47,39.94,40.13,40.44,-0.31,-0.77,3278.41,13203.538,40.94,5162.25,42.1,3942.76,43.82,5023.24,44.8,5262.53,46.56,6443.92,46.56,6847.91,47.32,7037.2
300583.SZ,20171208,40.25,40.86,39.97,40.64,40.13,0.51,1.27,3970.0,16150.471,40.38,5212.05,41.85,4098.06,43.46,4875.79,44.57,5248.16,46.4,6107.83,46.5,6812.58,47.22,6985.61
300583.SZ,20171211,40.53,40.91,40.46,40.76,40.64,0.12,0.29,3565.33,14529.445,40.33,4285.31,41.64,4210.53,43.09,4591.62,44.41,5139.4,46.24,5888.57,46.45,6793.32,47.12,6942.37
300583.SZ,20171212,40.59,40.81,39.83,39.84,40.76,-0.92,-2.25,4569.67,18380.393,40.36,3943.88,41.26,4385.91,42.71,4386.82,44.2,5156.35,46.08,5754.65,46.39,6776.46,47.02,6910.21
300583.SZ,20171213,39.57,40.32,39.57,40.14,39.84,0.3,0.75,2817.0,11318.178,40.3,3640.08,40.94,4388.3,42.38,4271.47,43.99,5073.26,45.92,5704.35,46.34,6752.4,46.92,6888.21
300583.SZ,20171214,40.03,40.32,39.87,40.22,40.14,0.08,0.2,2403.44,9647.939,40.32,3465.09,40.63,4313.67,42.09,4138.38,43.76,4822.13,45.77,5574.44,46.29,6724.64,46.83,6841.94
300583.SZ,20171215,40.32,40.42,39.97,40.31,40.22,0.09,0.22,2419.3,9737.985,40.25,3154.95,40.32,4183.5,41.9,3804.58,43.57,4700.09,45.63,5476.24,46.24,6698.51,46.74,6809.31
300583.SZ,20171218,40.21,40.42,39.89,40.09,40.31,-0.22,-0.54,2716.41,10927.867,40.12,2985.16,40.22,3635.24,41.69,3637.3,43.34,4639.66,45.49,5447.79,46.18,6665.21,46.65,6793.66
300583.SZ,20171219,40.13,40.32,40.1,40.26,40.09,0.17,0.42,2239.0,9024.917,40.2,2519.03,40.28,3231.46,41.52,3535.96,43.12,4579.49,45.35,5393.67,46.12,6641.38,46.55,6765.72
300583.SZ,20171220,40.27,40.3,39.72,39.8,40.26,-0.46,-1.14,3102.3,12422.85,40.14,2576.09,40.22,3108.09,41.31,3552.67,42.86,4436.19,45.19,5333.58,46.06,6626.92,46.46,6750.52
300583.SZ,20171221,39.8,39.8,38.89,39.44,39.8,-0.36,-0.9,4582.82,18045.016,39.98,3011.97,40.15,3238.53,41.12,3590.65,42.6,4428.33,45.04,5307.89,46.0,6610.5,46.36,6750.74
300583.SZ,20171222,39.54,39.55,39.25,39.47,39.44,0.03,0.08,2745.0,10850.715,39.81,3077.11,40.03,3116.03,40.94,3607.05,42.32,4289.2,44.89,5259.73,45.94,6591.75,46.26,6693.53
300583.SZ,20171225,39.3,39.41,37.92,38.32,39.47,-1.15,-2.91,5563.2,21394.574,39.46,3646.46,39.79,3315.81,40.72,3763.17,41.99,4166.35,44.72,5246.7,45.86,6597.63,46.14,6678.06
300583.SZ,20171226,38.24,40.02,38.01,39.71,38.32,1.39,3.62,6336.31,24903.077,39.35,4465.93,39.78,3492.48,40.52,3939.2,41.73,4088.71,44.6,5199.39,45.79,6547.1,46.04,6679.46
300583.SZ,20171227,39.24,39.89,39.22,39.24,39.71,-0.47,-1.18,5409.41,21434.901,39.24,4927.35,39.69,3751.72,40.31,4070.01,41.48,4098.22,44.46,5202.92,45.7,6496.46,45.93,6660.72
300583.SZ,20171228,38.94,39.78,38.93,39.5,39.24,0.26,0.66,3629.13,14381.323,39.25,4736.61,39.61,3874.29,40.12,4093.98,41.26,4050.35,44.33,5187.8,45.62,6455.57,45.83,6621.67
300583.SZ,20171229,39.9,42.42,39.5,40.92,39.5,1.42,3.59,11245.64,46231.308,39.54,6436.74,39.68,4756.92,40.0,4470.21,41.16,4122.03,44.22,5313.9,45.56,6499.36,45.73,6584.35
300583.SZ,20180102,40.67,41.05,40.08,40.65,40.92,-0.27,-0.66,6670.14,27049.43,40.0,6658.13,39.73,5152.3,39.98,4393.77,41.04,4142.3,44.1,5353.46,45.5,6507.78,45.63,6549.24
300583.SZ,20180103,40.25,40.76,40.25,40.56,40.65,-0.09,-0.22,5316.47,21567.863,40.17,6454.16,39.76,5460.04,40.02,4345.75,40.93,4177.32,43.95,5215.72,45.43,6475.0,45.55,6536.7
300583.SZ,20180104,40.61,40.61,40.27,40.31,40.56,-0.25,-0.62,3313.12,13407.926,40.39,6034.9,39.81,5481.12,40.02,4294.6,40.81,4195.49,43.8,5077.74,45.36,6457.36,45.46,6515.5
300583.SZ,20180105,40.24,40.51,39.95,40.07,40.31,-0.24,-0.59,3565.94,14348.355,40.5,6022.26,39.88,5379.44,40.01,4308.98,40.71,4186.91,43.66,5018.07,45.29,6417.96,45.38,6506.55
300583.SZ,20180108,39.8,40.29,39.73,40.14,40.07,0.07,0.17,3412.23,13691.93,40.35,4455.58,39.94,5446.16,39.99,4281.09,40.61,4220.08,43.51,4911.06,45.21,6332.57,45.3,6485.66
300583.SZ,20180109,39.93,41.82,39.87,40.72,40.14,0.58,1.44,7158.42,29412.267,40.36,4553.24,40.18,5605.68,39.99,4460.75,40.54,4377.34,43.39,4833.75,45.13,6230.18,45.26,6393.36
300583.SZ,20180110,40.72,40.83,40.02,40.26,40.72,-0.46,-1.13,4310.41,17438.639,40.3,4352.02,40.24,5403.09,40.01,4447.78,40.42,4427.16,43.27,4834.09,45.04,6128.5,45.22,6358.32
300583.SZ,20180111,40.03,41.12,39.89,40.95,40.26,0.69,1.71,5257.44,21435.881,40.43,4740.89,40.41,5387.89,40.05,4569.81,40.34,4509.3,43.17,4826.64,44.97,6100.7,45.19,6353.89
300583.SZ,20180112,40.82,41.4,40.63,41.0,40.95,0.05,0.12,4302.64,17721.752,40.61,4888.23,40.56,5455.25,40.09,4664.77,40.27,4547.73,43.07,4820.89,44.88,5988.3,45.16,6327.45
300583.SZ,20180115,41.17,41.17,39.2,39.65,41.0,-1.35,-3.29,4311.9,17386.623,40.52,5068.16,40.43,4761.87,40.05,4759.4,40.14,4567.43,42.95,4853.39,44.78,5932.12,45.11,6323.49
300583.SZ,20180116,39.36,40.22,39.36,39.72,39.65,0.07,0.18,3715.89,14837.128,40.32,4379.66,40.34,4466.45,40.03,4809.37,40.1,4417.99,42.82,4858.74,44.68,5889.64,45.07,6304.62
300583.SZ,20180117,40.1,40.49,39.45,40.3,39.72,0.58,1.46,5446.0,21842.177,40.32,4606.77,40.31,4479.4,40.04,4969.72,40.12,4390.3,42.71,4888.45,44.59,5882.42,45.03,6307.3
300583.SZ,20180118,40.15,40.41,39.98,40.22,40.3,-0.08,-0.2,2395.82,9646.576,40.18,4034.45,40.3,4387.67,40.06,4934.4,40.11,4325.63,42.59,4839.25,44.5,5830.09,44.99,6287.84
300583.SZ,20180119,40.19,40.91,40.01,40.48,40.22,0.26,0.65,4183.0,17001.821,40.07,4010.52,40.34,4449.38,40.11,4914.41,40.12,4355.78,42.46,4809.15,44.41,5747.87,44.95,6224.88
300583.SZ,20180122,40.05,40.83,39.72,40.61,40.48,0.13,0.32,4223.0,17062.493,40.27,3992.74,40.39,4530.45,40.17,4988.31,40.12,4364.21,42.35,4806.19,44.31,5526.63,44.91,6200.49
300583.SZ,20180123,40.22,40.76,40.22,40.67,40.61,0.06,0.15,3425.92,13918.981,40.46,3934.75,40.39,4157.2,40.28,4881.44,40.12,4359.57,42.26,4749.48,44.2,5378.9,44.87,6184.88
300583.SZ,20180124,40.53,41.89,40.53,41.37,40.67,0.7,1.72,6053.01,25111.89,40.67,4056.15,40.5,4331.46,40.37,4867.28,40.17,4409.01,42.19,4782.68,44.11,5306.1,44.84,6184.6
300583.SZ,20180125,41.52,41.84,40.87,40.87,41.37,-0.5,-1.21,5735.9,23777.541,40.8,4724.17,40.49,4379.31,40.45,4883.6,40.19,4506.31,42.09,4789.79,44.01,5305.0,44.8,6190.88
300583.SZ,20180126,40.82,41.24,40.35,40.61,40.87,-0.26,-0.63,2936.9,11991.192,40.83,4474.95,40.45,4242.73,40.5,4848.99,40.21,4524.09,41.99,4673.11,43.91,5224.32,44.77,6174.5
300583.SZ,20180129,39.48,40.82,39.48,39.63,40.61,-0.98,-2.41,7133.99,28391.073,40.63,5057.14,40.45,4524.94,40.44,4643.41,40.18,4681.25,41.88,4690.67,43.81,5211.24,44.72,6194.2
300583.SZ,20180130,39.49,39.97,38.98,39.04,39.63,-0.59,-1.49,3306.0,12999.484,40.3,5033.16,40.38,4483.95,40.36,4475.2,40.15,4700.9,41.74,4670.28,43.71,5198.82,44.67,6174.13
300583.SZ,20180131,39.03,39.36,38.13,38.27,39.04,-0.77,-1.97,5171.23,19989.223,39.68,4856.8,40.18,4456.48,40.24,4467.94,40.08,4798.64,41.6,4689.06,43.59,5195.33,44.61,6180.7
300583.SZ,20180201,38.57,38.67,36.82,36.82,38.27,-1.46,-3.81,4924.0,18616.129,38.87,4694.42,39.84,4709.3,40.07,4548.48,39.98,4859.36,41.42,4647.78,43.46,5175.51,44.54,6185.03
300583.SZ,20180202,36.83,37.22,36.44,37.13,36.82,0.31,0.84,3114.27,11536.909,38.18,4729.9,39.5,4602.42,39.92,4525.9,39.91,4810.41,41.25,4619.37,43.33,5142.07,44.47,6160.48
300583.SZ,20180205,36.14,37.19,36.14,36.94,37.13,-0.19,-0.51,1745.15,6447.561,37.64,3652.13,39.14,4354.64,39.76,4442.54,39.82,4777.08,41.07,4533.14,43.2,5098.84,44.41,6138.08
300583.SZ,20180206,36.23,36.43,34.53,34.53,36.94,-2.41,-6.51,5159.41,18474.818,36.74,4022.81,38.52,4527.99,39.45,4342.59,39.7,4763.62,40.84,4464.99,43.04,5085.67,44.32,6139.13
300583.SZ,20180207,35.72,35.88,34.43,35.28,34.53,0.75,2.17,3262.03,11504.007,36.14,3640.97,37.91,4248.89,39.2,4290.17,39.55,4661.15,40.64,4374.93,42.91,5019.97,44.23,6075.61
300583.SZ,20180208,35.61,36.11,35.21,35.78,35.28,0.5,1.41,2020.84,7241.659,35.93,3060.34,37.4,3877.38,38.95,4128.34,39.43,4548.19,40.46,4323.21,42.78,4984.68,44.14,6009.39
300583.SZ,20180209,35.28,35.46,34.63,35.14,35.78,-0.64,-1.79,3934.29,13861.795,35.53,3224.34,36.86,3977.12,38.65,4109.93,39.29,4558.37,40.28,4304.36,42.65,4977.99,44.04,5981.27
300583.SZ,20180212,35.12,36.58,35.12,36.09,35.14,0.95,2.7,2410.13,8726.153,35.36,3357.34,36.5,3504.74,38.47,4014.84,39.13,4263.85,40.14,4192.94,42.52,4963.89,43.95,5940.48
300583.SZ,20180213,36.09,36.8,36.09,36.37,36.09,0.28,0.77,2097.0,7649.652,35.73,2744.86,36.24,3383.84,38.31,3933.89,38.98,4111.41,40.01,4126.85,42.39,4939.45,43.87,5908.69
300583.SZ,20180214,36.37,36.67,36.28,36.4,36.37,0.03,0.08,1568.0,5729.253,35.96,2406.05,36.05,3023.51,38.11,3739.99,38.85,3986.46,39.89,4081.89,42.25,4805.97,43.78,5852.86
300583.SZ,20180222,36.58,37.07,36.48,36.88,36.4,0.48,1.32,1808.0,6680.127,36.18,2363.48,36.05,2711.91,37.95,3710.6,38.73,3936.29,39.77,4065.89,42.11,4697.26,43.7,5827.1
300583.SZ,20180223,37.11,37.11,36.44,36.73,36.88,-0.15,-0.41,1901.0,6991.127,36.49,1956.83,36.01,2590.59,37.76,3596.5,38.62,3880.79,39.66,4033.85,41.98,4638.98,43.62,5783.67
300583.SZ,20180226,36.83,37.59,36.83,37.43,36.73,0.7,1.9,3721.07,13918.773,36.76,2219.01,36.06,2788.18,37.6,3571.41,38.53,3891.09,39.57,4055.59,41.85,4571.07,43.54,5722.2
300583.SZ,20180227,37.43,37.75,36.93,37.3,37.43,-0.13,-0.35,3245.21,12138.689,36.95,2448.66,36.34,2596.76,37.43,3562.37,38.42,3760.65,39.48,4069.0,41.73,4476.05,43.45,5612.8
300583.SZ,20180228,37.13,37.5,36.74,37.34,37.3,0.04,0.11,3018.23,11258.767,37.14,2738.7,36.55,2572.38,37.23,3410.63,38.32,3717.58,39.37,4072.37,41.62,4461.92,43.36,5525.77
300583.SZ,20180301,37.33,37.85,37.23,37.74,37.34,0.41,1.1,2981.02,11243.641,37.31,2973.31,36.74,2668.4,37.07,3272.89,38.21,3641.69,39.28,4075.5,41.52,4431.66,43.28,5485.95
300583.SZ,20180302,37.56,37.86,37.24,37.47,37.74,-0.28,-0.74,2422.0,9125.401,37.46,3077.51,36.98,2517.17,36.92,3247.14,38.09,3579.01,39.18,4063.37,41.41,4406.93,43.19,5385.98
300583.SZ,20180305,37.4,37.72,37.34,37.66,37.47,0.2,0.53,2022.23,7603.52,37.5,2737.74,37.13,2478.38,36.82,2991.56,38.03,3502.68,39.08,4035.06,41.31,4403.15,43.09,5324.76
300583.SZ,20180306,37.66,38.12,37.6,38.01,37.66,0.35,0.93,3317.1,12611.308,37.64,2752.12,37.3,2600.39,36.77,2992.11,37.97,3489.39,39.03,3953.69,41.21,4402.29,43.01,5289.58
300583.SZ,20180307,37.95,38.26,37.7,37.76,38.01,-0.25,-0.66,2522.0,9588.307,37.73,2652.87,37.43,2695.79,36.74,2859.65,37.89,3391.92,39.0,3891.11,41.1,4389.61,42.92,5259.8
300583.SZ,20180308,37.44,38.61,37.44,38.39,37.76,0.63,1.66,4600.84,17614.305,37.86,2976.83,37.58,2975.07,36.82,2843.49,37.82,3465.43,38.97,3895.53,41.0,4381.31,42.83,5238.93
300583.SZ,20180309,38.37,39.2,38.15,39.16,38.39,0.77,2.0,6725.0,26136.522,38.2,3837.43,37.83,3457.47,36.92,3024.03,37.78,3550.16,38.95,3952.97,40.9,4389.49,42.76,5198.44
300583.SZ,20180312,39.07,40.36,39.07,39.92,39.16,0.76,1.94,7722.36,30964.286,38.65,4977.46,38.08,3857.6,37.07,3322.89,37.76,3666.8,38.94,4015.51,40.82,4426.39,42.67,5061.67
300583.SZ,20180313,39.91,39.91,39.32,39.42,39.92,-0.5,-1.25,4682.48,18584.038,38.93,5250.54,38.29,4001.33,37.31,3299.04,37.72,3708.69,38.92,4034.13,40.75,4402.55,42.58,4961.35
300583.SZ,20180314,39.14,39.57,39.14,39.2,39.42,-0.22,-0.56,2881.0,11353.761,39.22,5322.34,38.47,3987.6,37.51,3279.99,37.64,3602.96,38.91,4005.98,40.67,4389.44,42.49,4880.32
300583.SZ,20180315,39.03,39.1,37.8,38.21,39.2,-0.99,-2.52,4549.0,17496.085,39.18,5311.97,38.52,4144.4,37.63,3406.4,37.56,3563.39,38.87,4034.85,40.58,4380.99,42.4,4869.6
300583.SZ,20180316,38.37,38.47,38.05,38.17,38.21,-0.04,-0.1,3225.0,12378.426,38.98,4611.97,38.59,4224.7,37.78,3370.93,37.47,3573.0,38.84,4048.54,40.48,4306.41,42.3,4811.49
300583.SZ,20180319,38.37,38.67,38.05,38.34,38.17,0.17,0.44,3489.41,13408.553,38.67,3765.38,38.66,4371.42,37.89,3424.9,37.43,3451.51,38.81,4066.38,40.4,4277.62,42.22,4771.31
300583.SZ,20180320,38.21,39.77,38.1,39.23,38.34,0.89,2.32,7310.0,28633.244,38.63,4290.88,38.78,4770.71,38.04,3685.55,37.44,3584.98,38.79,4142.94,40.31,4308.51,42.14,4795.36
300583.SZ,20180321,39.0,39.46,38.57,38.57,39.23,-0.66,-1.68,5546.0,21800.274,38.5,4823.88,38.86,5073.11,38.15,3884.45,37.45,3597.47,38.77,4198.05,40.22,4325.2,42.06,4795.86
300583.SZ,20180322,38.42,39.22,38.42,38.94,38.57,0.37,0.96,3487.41,13569.109,38.65,4611.56,38.92,4961.77,38.25,3968.42,37.52,3549.58,38.75,4204.47,40.12,4281.71,41.97,4769.03
300583.SZ,20180323,38.06,38.09,36.02,36.31,38.94,-2.64,-6.77,7866.79,29340.209,38.28,5539.92,38.63,5075.95,38.23,4266.71,37.49,3708.0,38.7,4259.21,40.0,4315.58,41.87,4783.55
300583.SZ,20180326,36.12,37.15,35.93,37.02,36.31,0.71,1.95,3568.0,13078.966,38.01,5555.64,38.34,4660.51,38.21,4259.05,37.49,3768.76,38.66,4272.92,39.88,4278.35,41.77,4766.32
300583.SZ,20180327,37.19,38.32,37.19,37.97,37.02,0.96,2.59,4768.03,18118.461,37.76,5047.25,38.2,4669.06,38.24,4335.19,37.61,3755.72,38.65,4259.67,39.76,4228.56,41.68,4753.18
300583.SZ,20180328,37.87,41.78,37.44,40.41,37.97,2.44,6.41,29349.58,121191.661,38.13,9807.96,38.32,7315.92,38.39,5651.76,37.78,4625.3,38.66,4643.22,39.69,4458.39,41.63,4921.31
300583.SZ,20180329,39.92,40.36,39.1,39.72,40.41,-0.69,-1.7,14918.58,59216.317,38.29,12094.2,38.47,8352.88,38.49,6248.64,37.91,5055.23,38.67,4801.71,39.61,4567.21,41.56,5002.32
300583.SZ,20180330,39.48,40.29,39.48,40.13,39.72,0.41,1.03,9326.54,37340.991,39.05,12386.15,38.66,8963.03,38.63,6593.87,38.08,5234.97,38.68,4896.67,39.54,4614.56,41.51,5042.23
300583.SZ,20180402,40.14,41.42,40.14,41.17,40.13,1.04,2.59,13685.06,55977.629,39.88,14409.56,38.95,9982.6,38.8,7177.01,38.25,5610.8,38.69,4937.32,39.51,4665.56,41.45,5125.61
300583.SZ,20180403,40.22,41.02,40.11,40.67,41.17,-0.5,-1.21,9678.0,39368.04,40.42,15391.55,39.09,10219.4,38.94,7495.05,38.39,5863.5,38.69,4987.45,39.47,4705.74,41.39,5170.46
300583.SZ,20180404,40.77,42.48,40.73,41.97,40.67,1.3,3.19,20730.89,87011.021,40.73,13667.81,39.43,11737.89,39.15,8405.5,38.57,6502.26,38.71,5244.36,39.45,4888.68,41.33,5230.04
300583.SZ,20180409,42.01,45.88,42.01,45.66,41.97,3.7,8.8,34246.02,150890.682,41.92,17533.3,40.1,14813.75,39.51,9887.76,38.87,7583.53,38.8,5759.91,39.47,5238.44,41.3,5418.83
300583.SZ,20180410,44.71,44.71,43.02,43.84,45.66,-1.82,-3.98,27484.66,120888.504,42.66,21164.93,40.86,16775.54,39.74,10925.74,39.1,8436.32,38.86,6158.56,39.48,5501.34,41.26,5588.31
300583.SZ,20180411,44.09,46.41,43.81,43.89,43.84,0.05,0.11,25710.8,116056.044,43.21,23570.07,41.54,18989.82,39.94,11825.16,39.32,9169.31,38.92,6530.2,39.49,5760.16,41.22,5720.63
300583.SZ,20180412,44.19,44.59,43.22,43.46,43.89,-0.43,-0.98,16887.31,74350.954,43.76,25011.94,42.09,20201.74,40.14,12435.4,39.53,9624.04,38.97,6692.35,39.49,5920.68,41.18,5763.05
300583.SZ,20180413,43.81,45.11,43.51,44.21,43.46,0.75,1.72,17030.3,75663.495,44.21,24271.82,42.47,18969.82,40.39,13142.87,39.75,10091.11,39.04,6904.34,39.5,6078.62,41.15,5869.22
300583.SZ,20180416,44.41,44.58,43.06,43.65,44.21,-0.56,-1.26,9438.04,41453.851,43.81,19310.22,42.87,18421.76,40.67,13387.32,39.95,10306.35,39.08,6974.02,39.5,6152.45,41.12,5900.33
300583.SZ,20180417,43.83,45.03,43.52,43.93,43.65,0.28,0.64,14733.04,65293.111,43.83,16759.9,43.25,18962.41,40.95,13962.72,40.17,10716.72,39.13,7147.86,39.51,6281.15,41.1,5984.37
300583.SZ,20180418,44.36,44.63,42.13,44.56,43.93,0.63,1.43,14568.78,63688.77,43.96,14531.49,43.58,19050.78,41.27,14516.69,40.4,11134.93,39.21,7318.81,39.52,6401.68,41.08,6086.1
300583.SZ,20180419,44.15,44.81,43.94,44.77,44.56,0.21,0.47,10196.73,45471.845,44.22,13193.38,43.99,19102.66,41.54,14661.03,40.62,11364.25,39.3,7426.82,39.56,6423.88,41.06,6142.78
300583.SZ,20180420,44.91,45.87,43.42,43.42,44.77,-1.35,-3.01,15087.86,67362.729,44.07,12804.89,44.14,18538.35,41.78,15138.12,40.81,11783.12,39.35,7587.52,39.6,6521.78,41.03,6237.99
300583.SZ,20180423,42.12,42.12,39.17,39.74,43.42,-3.69,-8.48,18844.85,76595.378,43.28,14686.25,43.55,16998.24,41.82,15905.99,40.86,12257.92,39.34,7861.67,39.6,6682.99,40.96,6350.46
300583.SZ,20180424,40.14,41.09,39.83,40.8,39.74,1.06,2.66,8502.75,34649.566,42.66,13440.19,43.24,15100.05,42.05,15937.79,40.91,12317.18,39.35,7933.67,39.6,6741.04,40.9,6371.41
300583.SZ,20180425,40.92,41.99,40.67,41.84,40.8,1.04,2.54,11270.11,46831.519,42.11,12780.46,43.04,13655.98,42.29,16322.9,40.97,12435.43,39.37,8051.12,39.62,6822.15,40.86,6428.65
300583.SZ,20180426,41.92,42.0,40.73,41.02,41.84,-0.82,-1.96,9539.82,39327.977,41.36,12649.08,42.79,12921.23,42.44,16561.49,41.03,12597.35,39.37,8153.02,39.62,6888.53,40.82,6451.25
300583.SZ,20180427,41.07,41.92,40.23,41.4,41.02,0.38,0.92,8635.46,35713.646,40.96,11358.6,42.51,12081.74,42.49,15525.78,41.1,12789.16,39.37,8196.06,39.64,6933.71,40.78,6489.37
300583.SZ,20180502,41.29,42.71,41.23,42.23,41.4,0.83,2.0,11352.09,48103.291,41.46,9860.05,42.37,12273.15,42.62,15347.46,41.23,13015.93,39.39,8289.66,39.66,7028.54,40.74,6539.72
300583.SZ,20180503,42.2,42.28,40.32,41.76,42.23,-0.47,-1.11,10019.42,41436.613,41.65,10163.38,42.15,11801.79,42.7,15382.1,41.35,13242.41,39.41,8407.7,39.68,7113.17,40.7,6540.41
300583.SZ,20180504,41.92,42.13,41.43,41.79,41.76,0.03,0.07,7784.0,32644.514,41.64,9466.16,41.88,11123.31,42.73,15087.05,41.47,13385.56,39.45,8418.54,39.69,7172.77,40.66,6554.6
300583.SZ,20180507,41.88,42.91,41.88,42.84,41.79,1.06,2.53,11594.64,49473.984,42.0,9877.12,41.68,11263.1,42.84,15182.88,41.59,13528.39,39.51,8556.68,39.73,7271.42,40.63,6613.48
300583.SZ,20180508,42.85,44.18,42.61,43.71,42.84,0.87,2.03,16668.69,72666.998,42.47,11483.77,41.71,11421.18,42.93,14979.77,41.76,13899.14,39.6,8748.31,39.76,7431.75,40.6,6718.68
300583.SZ,20180509,43.66,45.08,42.97,44.91,43.71,1.2,2.74,18806.37,83647.221,43.0,12974.62,42.23,11417.34,42.89,14207.79,41.96,14409.77,39.74,8979.68,39.82,7606.24,40.58,6813.73
300583.SZ,20180510,44.7,47.4,44.51,46.14,44.91,1.23,2.73,24879.47,115441.511,43.88,15946.63,42.76,13055.01,43.0,14077.53,42.29,14976.86,39.89,9342.43,39.9,7831.76,40.57,6980.9
300583.SZ,20180511,46.5,47.36,44.91,45.51,46.14,-0.63,-1.36,21156.67,97784.531,44.62,18621.17,43.13,14043.66,43.08,13849.82,42.57,15563.15,40.03,9665.96,39.96,8036.33,40.55,7099.55
300583.SZ,20180514,45.51,45.51,43.96,44.25,45.51,-1.26,-2.76,12765.22,57065.203,44.9,18855.28,43.45,14366.2,43.12,13643.72,42.78,15829.72,40.19,9792.72,40.03,8116.35,40.52,7128.85
300583.SZ,20180515,44.88,45.49,44.37,45.21,44.25,0.96,2.17,11030.22,49705.046,45.2,17727.59,43.84,14605.68,43.17,13343.71,42.94,15219.08,40.36,9922.19,40.09,8168.51,40.5,7148.56
300583.SZ,20180516,44.91,47.69,44.54,46.62,45.21,1.41,3.11,25349.03,118387.991,45.55,19036.12,44.27,16005.37,43.32,14139.26,43.17,15566.76,40.54,10310.99,40.17,8390.06,40.5,7317.1
300583.SZ,20180517,46.59,47.26,45.91,46.28,46.62,-0.34,-0.73,15358.58,71468.98,45.57,17131.94,44.73,16539.29,43.44,14170.54,43.38,15767.83,40.73,10501.4,40.25,8520.39,40.5,7402.88
300583.SZ,20180518,45.98,46.41,44.51,45.8,46.28,-0.48,-1.04,13481.41,61516.927,45.63,15596.89,45.13,17109.03,43.5,14116.17,43.53,15761.04,40.89,10685.92,40.3,8545.23,40.51,7439.43
300583.SZ,20180521,45.89,46.51,45.46,45.53,45.8,-0.27,-0.59,11449.28,52662.491,45.89,15333.7,45.4,17094.49,43.54,14178.8,43.69,15820.08,41.04,10841.79,40.35,8598.33,40.53,7484.32
300583.SZ,20180522,45.26,46.08,45.25,46.01,45.53,0.48,1.05,10916.82,50063.84,46.05,15311.02,45.63,16519.31,43.67,13970.24,43.83,15492.95,41.2,10997.6,40.42,8660.56,40.54,7539.75
300583.SZ,20180523,45.71,46.46,45.43,45.48,46.01,-0.53,-1.15,11841.92,54526.399,45.82,12609.6,45.68,15822.86,43.96,13620.1,43.82,14746.14,41.34,11164.84,40.47,8755.32,40.56,7615.36
300583.SZ,20180524,45.41,45.81,44.97,44.98,45.48,-0.5,-1.1,7608.43,34514.428,45.56,11059.57,45.57,14095.76,44.17,13575.38,43.86,14083.6,41.48,11259.96,40.53,8800.24,40.57,7646.91
300583.SZ,20180525,45.33,45.51,44.81,45.11,44.98,0.13,0.29,7118.69,32224.668,45.42,9787.03,45.53,12691.96,44.33,13367.81,43.9,13463.87,41.61,11316.59,40.58,8841.42,40.59,7686.09
300583.SZ,20180528,45.09,45.39,43.61,44.11,45.11,-1.0,-2.21,8566.69,38042.983,45.14,9210.51,45.51,12272.11,44.48,13319.15,43.92,13186.51,41.72,11405.28,40.62,8857.07,40.6,7737.14
300583.SZ,20180529,43.92,44.53,42.9,42.91,44.11,-1.2,-2.71,8701.82,38303.892,44.52,8767.51,45.28,12039.27,44.56,13322.47,43.88,12908.9,41.82,11500.01,40.65,8905.86,40.59,7786.19
300583.SZ,20180530,42.11,42.39,39.62,40.12,42.91,-2.8,-6.51,13262.99,54777.209,43.45,9051.72,44.63,10830.66,44.45,13418.02,43.76,13036.39,41.86,11671.37,40.64,8994.81,40.57,7873.44
300583.SZ,20180531,40.32,41.42,40.27,41.16,40.12,1.04,2.59,7661.06,31345.561,42.68,9062.25,44.12,10060.91,44.42,13300.1,43.67,12800.66,41.92,11758.69,40.64,9032.13,40.55,7911.03
300583.SZ,20180601,40.96,41.65,40.08,40.88,41.16,-0.28,-0.68,6772.49,27788.236,41.84,8993.01,43.63,9390.02,44.38,13249.52,43.54,12540.79,41.97,11837.86,40.66,9059.47,40.53,7936.46
300583.SZ,20180604,40.9,41.41,40.22,40.92,40.88,0.04,0.1,4992.81,20453.661,41.2,8278.23,43.17,8744.37,44.28,12919.43,43.42,12367.32,42.02,11865.79,40.67,9073.66,40.53,7909.74
300583.SZ,20180605,41.09,42.66,41.02,42.42,40.92,1.5,3.66,8293.38,35051.571,41.1,8196.55,42.81,8482.03,44.22,12500.67,43.38,12140.84,42.1,11961.98,40.69,9105.29,40.55,7926.55
300583.SZ,20180606,42.5,42.81,42.05,42.71,42.42,0.3,0.71,5868.23,24997.112,41.62,6717.59,42.53,7884.66,44.11,11853.76,43.48,11708.29,42.17,11983.1,40.72,9143.88,40.57,7939.31
300583.SZ,20180607,42.71,42.96,41.84,42.06,42.71,-0.66,-1.54,5835.0,24708.578,41.8,6352.38,42.24,7707.32,43.9,10901.54,43.52,11619.36,42.22,11968.27,40.74,9162.23,40.58,7960.62
300583.SZ,20180608,41.92,42.2,40.9,41.32,42.06,-0.74,-1.76,5883.0,24433.088,41.89,6174.48,41.86,7583.75,43.69,10137.85,43.51,11439.79,42.24,11937.61,40.75,9180.68,40.59,7976.56
300583.SZ,20180611,41.32,42.61,41.03,42.1,41.32,0.78,1.88,7491.0,31608.08,42.12,6674.12,41.66,7476.18,43.59,9874.14,43.54,11371.5,42.28,11984.42,40.76,9225.84,40.6,8009.27
300583.SZ,20180612,42.09,42.79,41.38,42.68,42.1,0.59,1.4,6027.04,25549.841,42.17,6220.85,41.64,7208.7,43.46,9623.98,43.59,11284.55,42.34,12036.85,40.78,9225.56,40.62,8021.42
300583.SZ,20180613,42.22,43.59,42.18,42.2,42.68,-0.49,-1.15,9150.82,39415.686,42.07,6877.37,41.85,6797.48,43.24,8814.07,43.58,11211.17,42.41,12113.55,40.79,9263.5,40.64,8074.2
300583.SZ,20180614,41.92,43.16,41.82,43.1,42.2,0.91,2.15,7555.22,32431.145,42.28,7221.42,42.04,6786.9,43.08,8423.9,43.63,11129.03,42.49,12185.72,40.82,9314.81,40.67,8117.13
300583.SZ,20180615,43.21,43.21,41.3,41.5,43.1,-1.61,-3.73,8384.14,35456.343,42.32,7721.64,42.1,6948.06,42.86,8169.04,43.62,11149.04,42.54,12267.3,40.84,9328.7,40.68,8166.84
300583.SZ,20180619,40.79,40.92,38.25,38.6,41.5,-2.9,-6.97,10814.62,42666.301,41.62,8386.37,41.87,7530.24,42.52,8137.31,43.48,11123.04,42.53,12325.71,40.83,9412.13,40.66,8234.32
300583.SZ,20180620,38.63,40.42,38.62,39.85,38.6,1.25,3.23,7749.16,30782.42,41.05,8730.79,41.61,7475.82,42.21,7978.93,43.35,10825.72,42.56,12362.43,40.85,9440.78,40.66,8280.24
300583.SZ,20180621,39.86,40.54,38.93,39.07,39.85,-0.78,-1.95,7090.23,28383.923,40.42,8318.67,41.25,7598.02,41.89,7741.34,43.15,10435.18,42.56,12422.48,40.88,9464.85,40.65,8313.48
300583.SZ,20180622,38.64,40.29,38.54,40.21,39.07,1.14,2.91,5385.01,21468.342,39.85,7884.63,41.06,7553.02,41.65,7630.17,42.96,9785.37,42.62,12381.11,40.91,9490.08,40.66,8320.16
300583.SZ,20180625,40.37,40.7,40.1,40.12,40.21,-0.09,-0.22,5797.41,23444.939,39.57,7367.29,40.94,7544.46,41.4,7564.11,42.78,9273.39,42.67,12418.27,40.95,9535.1,40.67,8345.6
300583.SZ,20180626,40.41,42.39,39.92,41.84,40.12,1.72,4.28,11969.49,49804.648,40.22,7598.26,40.92,7992.31,41.29,7734.25,42.7,9246.87,42.74,12538.3,41.03,9610.77,40.7,8398.98
300583.SZ,20180627,41.58,42.61,41.58,42.12,41.84,0.28,0.67,9743.69,41098.994,40.67,7997.17,40.86,8363.98,41.25,7786.34,42.59,9203.98,42.77,12211.53,41.1,9682.79,40.72,8427.38
300583.SZ,20180628,41.94,42.48,41.48,41.6,42.1,-0.5,-1.19,6856.86,28727.72,41.18,7950.49,40.8,8134.58,41.32,7466.03,42.43,8587.58,42.8,12077.17,41.17,9736.52,40.73,8439.44
300583.SZ,20180629,41.6,43.16,41.39,43.14,41.6,1.54,3.7,12301.26,52289.374,41.76,9333.74,40.81,8609.19,41.42,7698.04,42.32,8485.67,42.85,12126.75,41.26,9829.49,40.77,8511.71
300583.SZ,20180702,43.33,43.39,41.8,42.21,43.14,-0.93,-2.16,9869.33,42043.998,42.18,10148.13,40.88,8757.71,41.49,7852.88,42.2,8365.26,42.87,12063.15,41.33,9912.37,40.78,8500.24
300583.SZ,20180703,42.01,43.71,41.75,43.62,42.21,1.41,3.34,11942.93,51162.559,42.54,10142.81,41.38,8870.54,41.62,8200.39,42.14,8381.72,42.91,12100.9,41.41,10021.77,40.8,8544.18
300583.SZ,20180704,43.12,43.34,41.7,42.11,43.62,-1.51,-3.46,9730.72,41348.676,42.54,10140.22,41.6,9068.69,41.61,8272.26,42.01,8342.18,42.92,11917.56,41.47,10112.46,40.81,8580.96
300583.SZ,20180705,42.0,42.33,40.05,40.17,42.11,-1.94,-4.61,10083.22,41139.076,42.25,10785.49,41.71,9367.99,41.48,8483.01,41.83,8283.56,42.83,11514.85,41.51,10204.41,40.81,8637.38
300583.SZ,20180706,40.3,42.0,40.11,41.2,40.17,1.03,2.56,8901.81,36559.345,41.86,10105.6,41.81,9719.67,41.44,8636.35,41.71,8326.67,42.78,11205.14,41.56,10282.2,40.82,8681.85
300583.SZ,20180709,41.71,45.16,41.7,44.73,41.2,3.53,8.57,22425.32,97910.41,42.37,12616.8,42.27,11382.46,41.61,9463.46,41.69,8836.89,42.8,11150.38,41.64,10490.02,40.86,8840.29
300583.SZ,20180710,44.6,46.33,44.01,46.2,44.73,1.47,3.29,26786.0,121149.445,42.88,15585.41,42.71,12864.11,41.81,10428.21,41.76,9444.2,42.84,11315.36,41.74,10751.59,40.91,9003.85
300583.SZ,20180711,45.0,45.67,44.4,45.39,46.2,-0.81,-1.75,22137.87,99743.575,43.54,18066.84,43.04,14103.53,41.95,11233.76,41.85,9892.07,42.86,11400.48,41.83,10964.03,40.95,9152.41
300583.SZ,20180712,45.63,47.0,45.3,45.51,45.39,0.12,0.26,38490.95,176649.384,44.61,23748.39,43.43,17266.94,42.11,12700.76,42.02,10733.0,42.89,11884.7,41.91,11358.58,40.99,9429.36
300583.SZ,20180713,45.51,46.26,44.62,45.64,45.51,0.13,0.29,22839.05,104180.069,45.49,26535.84,43.68,18320.72,42.24,13464.95,42.17,11238.94,42.92,12019.8,42.0,11585.44,41.03,9583.83
300583.SZ,20180716,45.37,47.49,45.05,46.94,45.64,1.3,2.85,27696.82,129070.62,45.94,27590.14,44.15,20103.47,42.51,14430.59,42.38,11936.41,42.96,12238.6,42.11,11870.71,41.09,9778.7
300583.SZ,20180717,46.6,46.75,45.32,46.2,46.94,-0.74,-1.58,18490.08,84969.747,45.94,25930.95,44.41,20758.18,42.89,14814.36,42.55,12386.32,42.98,12376.82,42.2,12039.3,41.14,9901.82
300583.SZ,20180718,46.06,46.48,44.91,45.12,46.2,-1.08,-2.34,16091.89,73470.726,45.88,24721.76,44.71,21394.3,43.16,15231.5,42.64,12646.27,43.01,12393.56,42.28,12190.08,41.18,9990.54
300583.SZ,20180719,45.0,46.56,44.76,45.68,45.12,0.56,1.24,20991.11,96331.386,45.92,21221.79,45.26,22485.09,43.49,15926.54,42.74,13150.37,43.11,12429.33,42.36,12372.19,41.23,10145.5
300583.SZ,20180720,45.69,45.85,44.58,45.4,45.68,-0.28,-0.613,13799.7,62296.384,45.87,19413.92,45.68,22974.88,43.75,16347.28,42.85,13415.86,43.19,12517.61,42.43,12450.8,41.27,10225.64
300583.SZ,20180723,44.12,44.59,42.32,43.28,45.4,-2.12,-4.6696,28447.41,123901.947,45.14,19564.04,45.54,23577.09,43.91,17479.78,42.92,14168.01,43.21,12803.9,42.47,12681.08,41.29,10427.51
300583.SZ,20180724,42.68,44.26,42.68,44.0,43.28,0.72,1.6636,15209.69,66380.743,44.7,18907.96,45.32,22419.46,44.01,17641.79,42.98,14425.29,43.26,12898.4,42.52,12798.05,41.32,10525.71
300583.SZ,20180725,43.64,44.41,43.62,43.8,44.0,-0.2,-0.4545,8714.96,38273.287,44.43,17432.57,45.16,21077.17,44.1,17590.35,43.02,14514.89,43.3,12899.72,42.57,12862.87,41.34,10547.89
300583.SZ,20180726,44.0,44.0,42.58,42.97,43.8,-0.83,-1.895,9966.94,42901.286,43.89,15227.74,44.9,18224.77,44.17,17745.85,43.04,14542.1,43.31,12876.63,42.62,12923.07,41.35,10583.15
300583.SZ,20180727,43.0,43.48,42.51,42.8,42.97,-0.17,-0.3956,5693.78,24515.135,43.37,13606.56,44.62,16510.24,44.15,17415.48,43.03,14480.05,43.33,12804.54,42.67,12950.5,41.37,10606.12
300583.SZ,20180730,42.5,42.9,40.5,40.89,42.8,-1.91,-4.4626,12461.0,51255.112,42.89,10409.27,44.01,14986.66,44.08,17545.06,43.01,14615.94,43.32,12882.49,42.7,13050.18,41.38,10650.51
300583.SZ,20180731,40.7,41.27,40.52,41.13,40.89,0.24,0.5869,6347.33,25936.627,42.32,8636.8,43.51,13772.38,43.96,17265.28,43.1,14467.03,43.29,12795.04,42.72,13039.49,41.4,10675.86
300583.SZ,20180801,41.37,41.37,39.79,39.92,41.13,-1.21,-2.9419,9463.33,38171.135,41.54,8786.48,42.99,13109.52,43.85,17251.91,43.1,14524.17,43.22,12674.95,42.74,13083.01,41.41,10711.63
300583.SZ,20180802,39.87,40.1,38.55,39.46,39.92,-0.46,-1.1523,8871.78,34722.728,40.84,8567.44,42.37,11897.59,43.81,17191.34,43.11,14583.56,43.13,12509.37,42.74,13142.84,41.44,10744.52
300583.SZ,20180803,39.56,39.86,39.01,39.15,39.46,-0.31,-0.7856,4347.0,17107.215,40.11,8298.09,41.74,10952.32,43.71,16963.6,43.08,14548.96,43.02,12167.16,42.77,13103.73,41.45,10754.8
300583.SZ,20180806,38.71,39.28,38.5,38.78,39.15,-0.37,-0.9451,4430.37,17186.067,39.69,6691.96,41.29,8550.62,43.41,16063.85,43.03,14503.39,42.91,11888.39,42.79,13113.31,41.47,10777.17
300583.SZ,20180807,39.1,39.85,38.81,39.79,38.78,1.01,2.6044,6222.37,24525.617,39.42,6666.97,40.87,7651.89,43.09,15035.67,42.97,14311.82,42.83,11779.34,42.81,13129.47,41.51,10786.03
300583.SZ,20180808,39.86,40.27,38.22,38.27,39.79,-1.52,-3.8201,8362.0,32740.61,39.09,6446.7,40.32,7616.59,42.74,14346.88,42.84,14265.76,42.72,11734.87,42.79,12896.27,41.54,10828.53
300583.SZ,20180809,37.88,39.48,37.71,39.21,38.27,0.94,2.4562,6148.8,23975.465,39.04,5902.11,39.94,7234.78,42.42,12729.77,42.76,14242.16,42.59,11414.87,42.78,12798.83,41.57,10862.93
300583.SZ,20180810,39.22,40.39,39.2,40.03,39.21,0.82,2.0913,7850.76,31380.456,39.22,6602.86,39.66,7450.47,42.14,11980.36,42.65,14093.81,42.49,11289.74,42.78,12782.44,41.61,10895.57
300583.SZ,20180813,39.46,40.4,39.3,40.23,40.03,0.2,0.4996,4857.62,19351.41,39.51,6688.31,39.6,6690.14,41.81,10838.4,42.59,13926.75,42.39,11146.01,42.77,12684.35,41.64,10915.96
300583.SZ,20180814,40.08,40.57,39.66,40.09,40.23,-0.14,-0.348,5002.36,20037.5,39.57,6444.31,39.49,6555.64,41.5,10164.01,42.47,13695.4,42.3,11038.56,42.77,12632.4,41.67,10940.18
300583.SZ,20180815,40.04,40.17,38.8,39.02,40.09,-1.07,-2.669,4070.8,16021.542,39.72,5586.07,39.4,6016.39,41.19,9562.96,42.37,13506.74,42.19,10924.46,42.73,12447.29,41.69,10961.03
300583.SZ,20180816,38.78,39.99,38.45,39.39,39.02,0.37,0.9482,4617.71,18250.467,39.75,5279.85,39.4,5590.98,40.88,8744.29,42.34,13324.55,42.09,10804.06,42.66,12118.09,41.71,10984.45
300583.SZ,20180817,39.89,40.08,38.57,39.04,39.39,-0.35,-0.8886,5213.0,20447.91,39.55,4752.3,39.39,5677.58,40.56,8314.95,42.27,13201.59,41.99,10764.13,42.61,11870.62,41.73,11012.05
300583.SZ,20180820,39.21,39.62,38.9,39.62,39.04,0.58,1.4857,5362.91,21095.972,39.43,4853.36,39.47,5770.83,40.38,7160.73,42.1,12632.85,41.9,10734.87,42.56,11644.53,41.75,11025.73
300583.SZ,20180821,38.9,39.35,38.21,39.13,39.62,-0.49,-1.2367,10066.83,39017.9,39.24,5866.25,39.4,6155.28,40.14,6903.58,41.86,12075.54,41.81,10759.87,42.52,11568.75,41.77,11082.57
300583.SZ,20180822,38.82,39.38,38.56,38.62,39.13,-0.51,-1.3033,5421.95,21089.422,39.16,6136.48,39.44,5861.27,39.88,6738.93,41.64,11518.34,41.74,10705.21,42.45,11439.77,41.78,11102.61
300583.SZ,20180823,38.5,38.96,38.41,38.83,38.62,0.21,0.5438,3819.02,14766.253,39.05,5976.74,39.4,5628.3,39.67,6431.54,41.41,10362.61,41.72,10547.81,42.4,11377.34,41.79,11109.59
300583.SZ,20180824,38.83,38.83,37.99,38.01,38.83,-0.82,-2.1118,4565.0,17497.611,38.84,5847.14,39.2,5299.72,39.43,6375.1,41.16,9753.48,41.67,10496.21,42.33,11264.36,41.79,11127.45
300583.SZ,20180827,38.06,39.05,38.05,38.98,38.01,0.97,2.552,6378.02,24701.275,38.71,6050.16,39.07,5451.76,39.33,6070.95,40.89,9042.85,41.64,10489.63,42.27,11173.35,41.8,11163.75
300583.SZ,20180828,38.51,38.85,37.99,38.29,38.98,-0.69,-1.7701,9762.14,37362.897,38.55,5989.23,38.89,5927.74,39.19,6241.69,40.63,8751.92,41.59,10569.12,42.2,11168.52,41.81,11217.45
300583.SZ,20180829,38.17,38.2,37.51,37.6,38.29,-0.69,-1.802,5654.54,21334.737,38.34,6035.74,38.75,6086.11,39.08,6051.25,40.38,8404.01,41.51,10525.14,42.14,11063.71,41.8,11243.56
300583.SZ,20180830,37.38,37.96,37.31,37.32,37.6,-0.28,-0.7447,3696.08,13880.022,38.04,6011.16,38.54,5993.95,38.97,5792.46,40.1,7827.51,41.42,10488.94,42.11,10895.39,41.79,11236.02
300583.SZ,20180831,37.24,37.5,37.16,37.25,37.32,-0.07,-0.1876,3138.39,11700.582,37.89,5725.83,38.37,5786.49,38.88,5732.03,39.83,7472.13,41.34,10443.99,42.07,10835.78,41.78,11206.13
300583.SZ,20180903,37.01,37.45,36.02,36.5,37.25,-0.75,-2.0134,4541.33,16540.261,37.39,5358.5,38.05,5704.33,38.76,5737.58,39.6,6675.26,41.26,10421.63,42.01,10761.02,41.75,11179.62
300583.SZ,20180904,36.55,37.04,36.51,36.89,36.5,0.39,1.0685,3939.34,14467.602,37.11,4193.94,37.83,5091.58,38.62,5623.43,39.37,6299.58,41.17,10362.44,41.96,10698.79,41.73,11173.43
300583.SZ,20180905,36.8,37.34,36.51,36.59,36.89,-0.3,-0.8132,2936.98,10833.087,36.91,3650.42,37.63,4843.08,38.53,5352.18,39.13,6106.98,41.07,10310.94,41.91,10635.47,41.71,11173.9
300583.SZ,20180906,36.53,36.81,36.27,36.46,36.59,-0.13,-0.3553,2138.32,7812.265,36.74,3338.87,37.39,4675.01,38.39,5151.65,38.91,5846.03,40.98,10194.06,41.85,10533.1,41.69,11153.81
300583.SZ,20180907,36.22,36.91,36.2,36.4,36.46,-0.06,-0.1646,2730.19,9987.759,36.57,3257.23,37.23,4491.53,38.21,4895.63,38.7,5747.24,40.87,10113.65,41.79,10452.11,41.68,11149.68
300583.SZ,20180910,36.6,36.6,36.04,36.08,36.4,-0.32,-0.8791,2918.81,10591.091,36.48,2932.73,36.94,4145.61,38.01,4798.69,38.54,5429.17,40.77,10022.56,41.72,10398.05,41.66,11144.93
300583.SZ,20180911,36.16,36.4,35.71,35.81,36.08,-0.27,-0.7483,2838.78,10207.391,36.27,2712.62,36.69,3453.28,37.79,4690.51,38.36,5312.22,40.73,9889.63,41.64,10300.76,41.63,11107.67
300583.SZ,20180912,35.81,35.88,35.28,35.34,35.81,-0.47,-1.3125,4116.0,14594.879,36.02,2948.42,36.46,3299.42,37.61,4692.77,38.21,5133.97,40.65,9829.07,41.55,10161.29,41.6,11095.75
300583.SZ,20180913,35.5,35.79,31.81,32.45,35.34,-2.89,-8.1777,22760.92,74909.286,35.22,7072.94,35.98,5205.91,37.26,5599.93,37.97,5596.94,40.54,10090.25,41.41,10205.23,41.55,11256.36
300583.SZ,20180914,32.6,32.8,32.02,32.15,32.45,-0.3,-0.9245,7891.79,25583.306,34.37,8105.26,35.47,5681.25,36.92,5733.87,37.74,5715.1,40.41,10132.03,41.26,10016.48,41.52,11256.57
300583.SZ,20180917,32.1,32.14,31.13,31.32,32.15,-0.83,-2.5816,5755.65,18112.688,33.41,8672.63,34.95,5802.68,36.5,5753.5,37.49,5759.28,40.26,10131.33,41.1,9845.35,41.47,11274.8
300583.SZ,20180918,31.33,31.92,31.25,31.86,31.32,0.54,1.7241,5098.94,16141.5,32.62,9124.66,34.45,5918.64,36.14,5505.11,37.23,5721.83,40.1,10016.83,40.96,9760.17,41.42,11277.56
300583.SZ,20180919,31.79,32.5,31.46,32.02,31.86,0.16,0.5022,5525.82,17641.908,31.96,9406.62,33.99,6177.52,35.81,5510.3,37.02,5627.29,39.93,9946.53,40.82,9699.01,41.35,11079.03
300583.SZ,20180920,31.97,32.23,31.76,32.09,32.02,0.07,0.2186,3386.8,10818.934,31.89,5531.8,33.55,6302.37,35.47,5488.69,36.78,5535.23,39.77,9888.69,40.65,9454.99,41.28,10982.93
300583.SZ,20180921,32.04,32.88,32.04,32.63,32.09,0.54,1.6828,4643.19,15065.91,31.98,4882.08,33.17,6493.67,35.2,5492.6,36.53,5428.31,39.59,9761.06,40.5,9335.93,41.22,10943.9
300583.SZ,20180925,32.49,32.77,32.39,32.58,32.63,-0.05,-0.1532,2732.19,8893.102,32.24,4277.39,32.82,6475.01,34.88,5310.31,36.28,5357.46,39.43,9642.11,40.36,9216.49,41.15,10852.63
300583.SZ,20180926,32.58,32.9,32.36,32.48,32.58,-0.1,-0.3069,4718.3,15391.894,32.36,4201.26,32.49,6662.96,34.59,5058.12,36.02,5347.99,39.25,9521.7,40.21,9141.7,41.08,10811.3
300583.SZ,20180927,32.49,33.11,32.46,32.47,32.48,-0.01,-0.0308,6766.3,22191.272,32.45,4449.36,32.2,6927.99,34.33,5113.71,35.81,5437.84,39.09,9472.29,40.06,9095.59,41.0,10694.93
300583.SZ,20180928,32.5,32.73,32.04,32.73,32.47,0.26,0.8007,5110.0,16518.891,32.58,4794.0,32.23,5162.9,34.11,5184.4,35.58,5454.25,38.96,9389.4,39.92,9020.79,40.89,10452.13
300583.SZ,20181008,32.4,32.68,31.85,31.88,32.73,-0.85,-2.597,4346.0,13999.121,32.43,4734.56,32.21,4808.32,33.84,5244.78,35.35,5425.35,38.81,9313.47,39.77,8984.54,40.79,10259.3
300583.SZ,20181009,31.88,32.88,31.88,32.78,31.88,0.9,2.8231,4135.38,13451.519,32.47,5015.2,32.35,4646.29,33.65,5224.48,35.12,5384.43,38.61,9008.64,39.64,8951.39,40.7,10079.51
300583.SZ,20181010,32.79,33.11,32.54,32.94,32.78,0.16,0.4881,4421.8,14528.944,32.56,4955.9,32.46,4578.58,33.45,5248.61,34.91,5196.27,38.39,8635.9,39.51,8905.34,40.61,9975.63
300583.SZ,20181011,32.1,32.32,30.09,30.42,32.94,-2.52,-7.6503,8020.19,24954.496,32.15,5206.67,32.3,4828.02,33.14,5502.77,34.64,5282.87,38.14,8400.61,39.37,8897.76,40.5,9900.55
300583.SZ,20181012,30.4,32.0,29.67,31.89,30.42,1.47,4.8323,6755.62,20966.978,31.98,5535.8,32.28,5164.9,32.92,5733.63,34.41,5380.76,37.91,7871.69,39.28,8825.46,40.4,9878.19
300583.SZ,20181015,32.5,33.5,31.92,32.54,31.89,0.65,2.0383,9931.0,32668.241,32.11,6652.8,32.27,5693.68,32.72,6093.67,34.22,5559.63,37.69,7656.55,39.19,8850.68,40.31,9838.18
300583.SZ,20181016,32.41,33.0,31.7,32.3,32.54,-0.24,-0.7376,6925.0,22447.523,32.02,7210.72,32.24,6112.96,32.53,6293.98,34.0,5577.86,37.45,7310.36,39.09,8852.37,40.2,9774.48
300583.SZ,20181017,32.6,32.75,30.28,31.88,32.3,-0.42,-1.3003,7947.8,25015.619,31.81,7915.92,32.18,6435.91,32.34,6549.43,33.79,5517.38,37.21,7134.65,38.99,8885.21,40.1,9755.74
300583.SZ,20181018,31.56,31.56,30.42,30.5,31.88,-1.38,-4.3287,4646.49,14387.111,31.82,7241.18,31.99,6223.93,32.1,6575.96,33.55,5483.78,36.97,6943.89,38.86,8844.69,39.99,9668.72
300583.SZ,20181019,30.05,32.0,29.99,31.88,30.5,1.38,4.5246,6439.63,20006.362,31.82,7177.98,31.9,6356.89,32.07,5759.89,33.37,5575.23,36.74,6701.37,38.74,8851.04,39.92,9565.35
300583.SZ,20181022,32.39,34.2,32.15,33.71,31.88,1.83,5.7403,14270.96,47544.593,32.05,8045.98,32.08,7349.39,32.14,6078.85,33.25,5946.32,36.54,6709.22,38.64,8944.77,39.86,9613.42
300583.SZ,20181023,33.66,34.0,32.91,33.15,33.71,-0.56,-1.6612,8041.17,26920.075,32.22,8269.21,32.12,7739.97,32.24,6193.13,33.14,6062.98,36.37,6369.12,38.55,8968.75,39.79,9586.51
300583.SZ,20181024,33.15,33.51,32.4,33.23,33.15,0.08,0.2413,6790.13,22522.422,32.49,8037.68,32.15,7976.8,32.3,6277.69,33.02,6158.0,36.19,6228.79,38.46,8960.96,39.73,9563.59
300583.SZ,20181025,32.0,33.2,31.8,32.99,33.23,-0.24,-0.7222,5883.0,19164.905,32.99,8284.98,32.41,7763.08,32.35,6295.55,32.9,6256.21,36.01,6181.59,38.35,8959.36,39.66,9540.66
300583.SZ,20181026,33.47,33.52,32.39,32.88,32.99,-0.11,-0.3334,4864.82,16071.389,33.19,7970.02,32.51,7574.0,32.39,6369.45,32.78,6347.09,35.84,6096.56,38.24,8911.74,39.58,9486.6
300583.SZ,20181029,32.52,33.09,32.42,33.04,32.88,0.16,0.4866,4602.01,15092.15,33.06,6036.23,32.56,7041.1,32.41,6367.39,32.67,6409.48,35.68,6078.36,38.13,8878.92,39.51,9441.45
300583.SZ,20181030,32.99,33.39,32.0,32.94,33.04,-0.1,-0.3027,5434.44,17874.525,33.02,5514.88,32.62,6892.05,32.43,6502.5,32.56,6493.34,35.55,5961.25,38.04,8846.15,39.43,9421.87
300583.SZ,20181031,32.85,33.8,32.78,33.42,32.94,0.48,1.4572,6971.03,23298.295,33.05,5551.06,32.77,6794.37,32.48,6615.14,32.48,6631.08,35.42,5971.65,37.98,8803.44,39.35,9383.34
300583.SZ,20181101,33.45,34.19,33.42,33.45,33.42,0.03,0.0898,7476.82,25287.666,33.15,5869.82,33.07,7077.4,32.53,6650.66,32.42,6743.11,35.31,5938.54,37.91,8800.42,39.27,9306.74
300583.SZ,20181102,33.85,34.45,33.66,34.38,33.45,0.93,2.7803,8321.02,28346.594,33.45,6561.06,33.32,7265.54,32.61,6811.22,32.48,6261.78,35.23,5929.36,37.86,8814.09,39.18,9219.37
300583.SZ,20181105,34.3,34.78,33.56,33.99,34.38,-0.39,-1.1344,8204.82,28035.474,33.64,7281.63,33.35,6658.93,32.72,7004.16,32.55,6272.21,35.14,5993.66,37.79,8845.42,39.08,9080.41
300583.SZ,20181106,34.0,34.0,32.96,33.5,33.99,-0.49,-1.4416,6598.82,21976.777,33.75,7514.5,33.38,6514.69,32.75,7127.33,32.62,6300.32,35.05,6029.8,37.71,8854.33,38.98,8959.09
300583.SZ,20181107,33.46,34.28,33.45,33.86,33.5,0.36,1.0746,7997.82,27122.332,33.84,7719.86,33.45,6635.46,32.8,7306.13,32.69,6396.95,34.96,6059.39,37.63,8810.2,38.89,8919.37
300583.SZ,20181108,33.99,34.15,33.21,33.3,33.86,-0.56,-1.6539,4748.94,16023.767,33.81,7174.28,33.48,6522.05,32.94,7142.57,32.73,6371.05,34.87,5999.17,37.53,8754.7,38.79,8867.02
300583.SZ,20181109,33.06,35.06,33.06,34.68,33.3,1.38,4.1441,14834.0,51161.099,33.87,8476.88,33.66,7518.97,33.08,7546.49,32.81,6752.62,34.8,6143.92,37.45,8843.34,38.69,8779.4
300583.SZ,20181112,34.74,35.97,34.23,35.9,34.68,1.22,3.5179,13615.94,48237.14,34.25,9559.1,33.94,8420.37,33.25,7730.73,32.92,7051.71,34.73,6240.01,37.37,8857.94,38.61,8764.87
300583.SZ,20181113,35.26,37.33,35.26,36.14,35.9,0.24,0.6685,16394.82,59762.949,34.78,11518.3,34.26,9516.4,33.44,8204.22,33.04,7507.14,34.66,6432.3,37.3,8930.45,38.53,8789.15
300583.SZ,20181114,36.14,37.2,36.01,36.4,36.14,0.26,0.7194,11427.0,41827.815,35.28,12204.14,34.56,9962.0,33.67,8378.18,33.17,7730.76,34.6,6539.38,37.22,8924.72,38.45,8788.97
300583.SZ,20181115,37.8,38.98,37.36,38.75,36.4,2.35,6.456,27405.3,104725.991,36.37,16735.41,35.09,11954.85,34.08,9516.12,33.38,8418.73,34.59,6928.28,37.19,9121.1,38.39,8926.37
300583.SZ,20181116,38.5,39.47,38.2,39.37,38.75,0.62,1.6,20563.44,80006.994,37.31,17881.3,35.59,13179.09,34.45,10222.32,33.6,8933.84,34.59,7194.05,37.18,9237.55,38.34,8999.05
300583.SZ,20181119,38.86,39.16,38.41,38.85,39.37,-0.52,-1.3208,13355.82,51756.506,37.9,17829.28,36.08,13694.19,34.71,10176.56,33.84,9234.17,34.59,7329.76,37.15,9287.04,38.29,9046.95
300583.SZ,20181120,38.6,39.49,37.81,38.16,38.85,-0.69,-1.7761,15335.14,59477.161,38.31,17617.34,36.54,14567.82,34.96,10541.26,34.01,9607.49,34.57,7495.96,37.08,9208.26,38.23,9115.42
300583.SZ,20181121,37.74,38.79,37.51,38.72,38.16,0.56,1.4675,10352.0,39755.962,38.77,17402.34,37.03,14803.24,35.24,10719.35,34.21,9805.17,34.56,7500.72,36.99,9025.66,38.19,9130.29
300583.SZ,20181122,39.51,39.7,38.38,38.94,38.72,0.22,0.5682,10704.0,41750.892,38.81,14062.08,37.59,15398.75,35.53,10960.4,34.49,9894.63,34.56,7588.75,36.92,8898.61,38.15,9146.98
300583.SZ,20181123,38.93,40.5,38.6,39.9,38.94,0.96,2.4653,24943.53,98825.193,38.91,14938.1,38.11,16409.7,35.88,11964.34,34.76,10500.89,34.58,7940.83,36.86,8748.09,38.15,9244.32
300583.SZ,20181126,38.14,38.2,35.91,35.91,39.9,-3.99,-10.0,24260.74,89192.057,38.33,17119.08,38.11,17474.18,36.03,12947.27,34.87,10978.55,34.55,8269.09,36.75,8763.88,38.11,9382.65
300583.SZ,20181127,36.0,36.65,35.61,36.21,35.91,0.3,0.8354,8947.41,32289.174,37.94,15841.54,38.12,16729.44,36.19,13122.92,35.0,11045.96,34.5,8311.91,36.63,8555.56,38.07,9400.77
300583.SZ,20181128,36.1,36.44,35.2,36.42,36.21,0.21,0.58,8715.86,31281.686,37.48,15514.31,38.12,16458.32,36.34,13210.16,35.15,11071.56,34.47,8294.47,36.52,8446.95,38.03,9431.8
300583.SZ,20181129,36.59,36.77,34.58,34.7,36.42,-1.72,-4.7227,9260.74,33150.596,36.63,15225.66,37.72,14643.87,36.4,13299.36,35.29,11225.37,34.42,8354.58,36.41,8371.05,37.97,9439.86
300583.SZ,20181130,34.58,35.98,34.58,35.51,34.7,0.81,2.3343,9165.34,32414.475,35.75,12070.02,37.33,13504.06,36.46,13341.57,35.41,11316.23,34.39,8445.73,36.3,8239.66,37.91,9467.33
300583.SZ,20181203,36.33,36.78,36.0,36.62,35.51,1.11,3.1259,10096.12,36771.536,35.89,9237.09,37.11,13178.09,36.59,13436.14,35.51,11177.07,34.38,8561.69,36.2,8198.5,37.86,9502.84
300583.SZ,20181204,36.2,36.8,36.2,36.36,36.62,-0.26,-0.71,7028.0,25678.214,35.92,8853.21,36.93,12347.37,36.73,13457.6,35.62,11143.3,34.38,8603.14,36.12,7960.51,37.82,9512.38
300583.SZ,20181205,35.8,36.16,35.22,35.96,36.36,-0.4,-1.1001,7600.88,27178.02,35.83,8630.22,36.65,12072.26,36.84,13437.75,35.71,11170.32,34.36,8664.16,36.03,7875.97,37.77,9513.3
300583.SZ,20181206,35.79,35.79,34.71,34.77,35.96,-1.19,-3.3092,8603.0,30233.331,35.84,8498.67,36.24,11862.16,36.91,13630.45,35.77,11260.99,34.33,8758.6,35.93,7874.73,37.7,9534.77
300583.SZ,20181207,34.79,34.99,34.41,34.6,34.77,-0.17,-0.4889,6494.19,22485.549,35.66,7964.44,35.71,10017.23,36.91,13213.46,35.83,11315.3,34.3,8831.19,35.84,7836.14,37.64,9512.63
300583.SZ,20181210,34.13,34.2,32.82,33.18,34.6,-1.42,-4.104,10987.34,36463.89,34.97,8142.68,35.43,8689.89,36.77,13082.03,35.83,11528.14,34.25,8968.81,35.73,7894.96,37.56,9541.23
300583.SZ,20181211,33.49,33.5,33.1,33.37,33.18,0.19,0.5726,4071.41,13554.996,34.38,7551.36,35.15,8202.29,36.63,12465.86,35.84,11482.71,34.2,8988.02,35.65,7801.74,37.49,9505.29
300583.SZ,20181212,33.5,33.69,33.07,33.22,33.37,-0.15,-0.4495,4336.0,14468.709,33.83,6898.39,34.83,7764.3,36.48,12111.31,35.84,11394.88,34.16,9012.98,35.56,7779.39,37.44,9451.3
300583.SZ,20181213,33.33,34.8,32.79,33.77,33.22,0.55,1.6556,7247.41,24419.199,33.63,6627.27,34.74,7562.97,36.23,11103.42,35.85,11387.23,34.13,9065.17,35.49,7754.77,37.39,9447.12
300583.SZ,20181214,33.6,33.65,32.89,32.89,33.77,-0.88,-2.6059,4747.41,15808.9,33.29,6277.91,34.47,7121.18,35.9,10312.62,35.8,11268.11,34.14,8764.94,35.42,7708.94,37.34,9427.6
300583.SZ,20181217,32.78,32.78,32.03,32.65,32.89,-0.24,-0.7297,4196.99,13596.341,33.18,4919.84,34.08,6531.26,35.59,9854.68,35.75,11134.51,34.15,8703.36,35.35,7707.28,37.28,9417.7
300583.SZ,20181218,32.49,33.09,32.25,32.9,32.65,0.25,0.7657,4311.0,14074.707,33.09,4967.76,33.73,6259.56,35.33,9303.47,35.73,11058.25,34.18,8679.28,35.28,7705.95,37.22,9405.31
300583.SZ,20181219,32.88,32.93,32.48,32.93,32.9,0.03,0.0912,2939.53,9611.448,33.03,4688.47,33.43,5793.43,35.04,8932.85,35.7,10889.64,34.19,8643.29,35.2,7669.47,37.14,9330.06
300583.SZ,20181220,32.83,33.34,32.7,33.33,32.93,0.4,1.2147,3310.2,10977.345,32.94,3901.03,33.28,5264.15,34.76,8563.16,35.7,10841.69,34.22,8606.37,35.15,7613.34,37.07,9276.45
300583.SZ,20181221,33.3,33.71,33.1,33.39,33.33,0.06,0.18,3307.0,11014.625,33.04,3612.94,33.16,4945.43,34.43,7481.33,35.66,10457.45,34.24,8605.04,35.09,7581.77,37.0,9246.87
300583.SZ,20181224,33.35,34.05,33.18,33.77,33.39,0.38,1.1381,3586.41,12111.179,33.26,3490.83,33.22,4205.34,34.33,6447.61,35.59,10123.13,34.26,8587.42,35.02,7534.39,36.92,9174.24
300583.SZ,20181225,33.47,33.74,32.1,33.35,33.77,-0.42,-1.2437,5056.0,16620.98,33.35,3639.83,33.22,4303.8,34.18,6253.04,35.5,9745.17,34.27,8626.15,34.94,7536.59,36.85,9134.13
300583.SZ,20181226,33.12,33.4,33.1,33.16,33.35,-0.19,-0.5697,2847.0,9459.574,33.4,3621.32,33.21,4154.89,34.02,5959.6,35.39,9459.17,34.28,8594.97,34.86,7512.64,36.76,9058.33
300583.SZ,20181227,33.39,33.7,32.31,33.1,33.16,-0.06,-0.1809,9199.84,30155.169,33.35,4799.25,33.15,4350.14,33.94,5956.55,35.2,8852.32,34.29,8635.53,34.8,7569.63,36.69,9053.91
300583.SZ,20181228,33.01,33.2,32.52,33.15,33.1,0.05,0.1511,5074.2,16708.051,33.31,5152.69,33.17,4382.82,33.82,5752.0,34.99,8336.02,34.3,8634.93,34.73,7574.7,36.63,9012.17
300583.SZ,20190102,33.15,33.55,32.82,33.5,33.15,0.35,1.0558,3658.0,12178.89,33.25,5167.01,33.26,4328.92,33.67,5430.09,34.81,8012.76,34.33,8623.46,34.67,7557.42,36.57,8968.47
300583.SZ,20190103,33.5,33.75,33.2,33.59,33.5,0.09,0.2687,3331.0,11149.669,33.3,4822.01,33.33,4230.92,33.53,5245.24,34.66,7612.62,34.34,8610.06,34.6,7534.85,36.47,8809.35
300583.SZ,20190104,33.0,34.65,32.61,34.62,33.59,1.03,3.0664,7713.19,26279.257,33.59,5795.25,33.5,4708.28,33.46,5250.86,34.53,7524.66,34.37,8664.91,34.55,7508.7,36.38,8650.41
300583.SZ,20190107,34.63,34.72,34.38,34.58,34.62,-0.04,-0.1155,5913.82,20437.727,33.89,5138.04,33.62,4968.65,33.45,5116.4,34.38,7364.99,34.44,8629.81,34.5,7514.16,36.29,8515.21
300583.SZ,20190108,34.41,34.49,33.9,33.9,34.58,-0.68,-1.9665,3687.82,12591.978,34.04,4860.77,33.67,5006.73,33.42,4976.08,34.18,6656.46,34.47,8578.68,34.45,7512.7,36.19,8225.18
300583.SZ,20190109,33.96,34.5,33.62,33.62,33.9,-0.28,-0.826,6012.82,20498.208,34.06,5331.73,33.66,5249.37,33.44,4727.35,34.1,6048.2,34.49,8513.37,34.4,7528.79,36.09,8084.96
300583.SZ,20190110,33.6,33.82,33.49,33.51,33.62,-0.11,-0.3272,2889.0,9706.092,34.05,5243.33,33.67,5032.67,33.45,4668.23,34.01,5846.25,34.51,8446.11,34.34,7490.02,35.98,7878.23
300583.SZ,20190111,33.53,34.0,33.53,33.98,33.51,0.47,1.4026,3388.0,11434.775,33.92,4378.29,33.75,5086.77,33.48,4620.83,33.93,5668.66,34.54,8370.11,34.29,7419.2,35.88,7752.38
300583.SZ,20190114,34.1,34.1,33.57,33.63,33.98,-0.35,-1.03,2518.37,8497.346,33.73,3699.2,33.81,4418.62,33.48,4384.38,33.9,5443.91,34.59,8334.64,34.25,7384.35,35.78,7639.27
300583.SZ,20190115,33.62,33.89,33.21,33.88,33.63,0.25,0.7434,3671.96,12326.154,33.72,3696.03,33.88,4278.4,33.53,4330.61,33.84,5260.8,34.63,8288.51,34.21,7384.09,35.68,7494.94
300583.SZ,20190116,33.86,34.15,33.71,34.1,33.88,0.22,0.6494,4075.75,13828.723,33.82,3308.62,33.94,4320.17,33.6,4324.55,33.76,5060.12,34.63,8118.59,34.17,7394.5,35.59,7413.91
300583.SZ,20190117,33.9,33.99,33.36,33.4,34.1,-0.7,-2.0528,2594.0,8748.126,33.8,3249.62,33.92,4246.47,33.62,4238.7,33.66,4912.32,34.64,8027.81,34.14,7372.86,35.51,7198.46
300583.SZ,20190118,33.38,33.94,33.25,33.9,33.4,0.5,1.497,3851.0,12910.462,33.78,3342.22,33.85,3860.25,33.67,4284.27,33.59,4787.32,34.65,7978.82,34.11,7371.88,35.42,7103.81
300583.SZ,20190121,33.89,34.27,33.72,34.02,33.9,0.12,0.354,5341.2,18178.171,33.86,3906.78,33.79,3802.99,33.71,4385.82,33.57,4678.6,34.67,7969.79,34.08,7398.6,35.34,7075.69
300583.SZ,20190122,34.07,34.55,33.84,34.14,34.02,0.12,0.3527,6215.2,21263.964,33.91,4415.43,33.82,4055.73,33.74,4531.23,33.55,4669.3,34.69,7992.3,34.05,7443.89,35.27,7044.43
300583.SZ,20190123,34.16,34.24,33.91,34.23,34.14,0.09,0.2636,3513.76,11975.85,33.94,4303.03,33.88,3805.82,33.77,4527.6,33.59,4420.18,34.71,7974.16,34.03,7452.6,35.19,7026.26
300583.SZ,20190124,34.05,34.65,33.93,34.59,34.23,0.36,1.0517,5628.76,19368.363,34.18,4909.98,33.99,4079.8,33.83,4556.23,33.63,4472.09,34.74,7977.4,34.01,7482.71,35.14,6969.33
300583.SZ,20190125,34.7,34.91,34.32,34.57,34.59,-0.02,-0.0578,5938.0,20521.49,34.31,5327.38,34.05,4334.8,33.9,4710.78,33.67,4525.49,34.75,7960.18,34.0,7517.15,35.09,6965.91
300583.SZ,20190128,34.67,35.22,34.46,34.74,34.57,0.17,0.4918,7524.0,26214.245,34.45,5763.94,34.16,4835.36,33.98,4626.99,33.7,4534.71,34.78,7960.97,33.99,7555.01,35.04,6949.75
300583.SZ,20190129,33.31,33.45,31.27,31.27,34.74,-3.47,-9.9885,18171.76,57291.322,33.88,8155.26,33.9,6285.34,33.89,5281.87,33.65,4982.19,34.72,8125.15,33.98,7504.02,34.98,7027.25
300583.SZ,20190130,31.05,31.45,31.05,31.13,31.27,-0.14,-0.4477,4523.43,14118.653,33.26,8357.19,33.6,6330.11,33.77,5325.14,33.6,4993.07,34.68,8063.79,33.97,7466.6,34.91,7028.72
300583.SZ,20190131,31.24,31.4,29.99,30.5,31.13,-0.63,-2.0238,5681.07,17520.936,32.44,8367.65,33.31,6638.82,33.62,5442.65,33.52,5038.74,34.63,8048.49,33.96,7465.77,34.84,7039.15
300583.SZ,20190201,30.55,31.44,30.51,31.39,30.5,0.89,2.918,3455.0,10788.898,31.81,7871.05,33.06,6599.22,33.45,5229.74,33.47,5055.92,34.59,7972.78,33.95,7447.5,34.77,7016.09
300583.SZ,20190211,31.45,32.07,30.79,31.94,31.39,0.55,1.7522,5558.08,17588.987,31.25,7477.87,32.85,6620.91,33.32,5211.95,33.42,5130.85,34.56,7986.27,33.95,7447.86,34.72,6992.72
300583.SZ,20190212,31.91,32.79,31.85,32.58,31.94,0.64,2.0038,5757.0,18674.707,31.51,4994.92,32.69,6575.09,33.26,5315.41,33.39,5212.51,34.53,7834.98,33.96,7474.2,34.66,6989.45
300583.SZ,20190213,32.3,32.97,32.26,32.6,32.58,0.02,0.0614,9800.53,32005.41,31.8,6050.34,32.53,7203.76,33.2,5504.79,33.36,5419.65,34.47,7771.39,33.96,7531.5,34.6,7005.7
300583.SZ,20190214,32.6,32.66,32.36,32.48,32.6,-0.12,-0.3681,6675.82,21708.496,32.2,6249.29,32.32,7308.47,33.15,5694.13,33.33,5473.65,34.41,7609.41,33.95,7575.32,34.54,7020.85
300583.SZ,20190215,32.5,32.75,32.4,32.56,32.48,0.08,0.2463,4731.41,15421.2,32.43,6504.57,32.12,7187.81,33.08,5761.31,33.31,5536.46,34.35,7497.82,33.96,7575.46,34.47,7018.6
300583.SZ,20190218,32.99,33.47,32.73,33.45,32.56,0.89,2.7334,7764.76,25730.012,32.73,6945.9,31.99,7211.89,33.07,6023.62,33.32,5488.62,34.26,7170.47,33.97,7586.56,34.43,7049.38
300583.SZ,20190219,34.19,34.3,33.4,33.74,33.45,0.29,0.867,11649.63,39489.152,32.97,8124.43,32.24,6559.67,33.07,6422.51,33.34,5707.8,34.17,7021.91,33.98,7659.22,34.38,7107.98
300583.SZ,20190220,33.74,33.74,33.27,33.59,33.74,-0.15,-0.4446,5257.0,17608.326,33.16,7215.72,32.48,6633.03,33.04,6481.57,33.34,5761.1,34.08,6886.93,34.0,7669.34,34.33,7108.34
300583.SZ,20190221,33.61,34.07,33.12,33.19,33.59,-0.4,-1.1908,7736.0,26032.337,33.31,7427.76,32.75,6838.52,33.03,6738.67,33.33,5907.94,33.99,6760.28,34.0,7709.35,34.28,7128.12
300583.SZ,20190222,33.24,33.75,33.07,33.68,33.19,0.49,1.4763,6208.0,20752.325,33.53,7723.08,32.98,7113.82,33.02,6856.52,33.3,5857.76,33.91,6691.21,34.01,7729.2,34.24,7095.96
300583.SZ,20190225,33.8,35.2,33.8,35.08,33.68,1.4,4.1568,13990.12,48487.96,33.86,8968.15,33.3,7957.03,33.07,7288.97,33.31,6126.97,33.85,6745.98,34.06,7795.53,34.21,7167.37
300583.SZ,20190226,35.05,36.26,34.62,35.5,35.08,0.42,1.1973,16681.22,59639.077,34.21,9974.47,33.59,9049.45,33.14,7812.27,33.37,6560.09,33.77,6608.27,34.1,7905.81,34.18,7274.55
300583.SZ,20190227,35.2,35.9,34.88,35.12,35.5,-0.38,-1.0704,11632.62,41165.734,34.51,11249.59,33.84,9232.66,33.19,8218.21,33.42,6747.41,33.76,6397.81,34.13,7924.72,34.15,7333.45
300583.SZ,20190228,35.58,36.35,35.15,35.56,35.12,0.44,1.2528,13209.82,47147.474,34.99,12344.36,34.15,9886.06,33.23,8597.26,33.48,7091.44,33.75,6468.85,34.17,7994.55,34.13,7390.38
300583.SZ,20190301,35.5,35.88,34.88,35.45,35.56,-0.11,-0.3093,10116.43,35762.933,35.34,13126.04,34.44,10424.56,33.28,8806.19,33.53,7315.72,33.73,6492.19,34.21,8018.65,34.1,7393.33
300583.SZ,20190304,35.46,36.59,35.46,35.94,35.45,0.49,1.3822,18133.03,65364.99,35.51,13954.62,34.69,11461.39,33.34,9336.64,33.61,7836.21,33.75,6640.06,34.27,8168.5,34.09,7497.32
300583.SZ,20190305,35.8,36.36,35.62,36.34,35.94,0.4,1.113,10580.0,38225.167,35.68,12734.38,34.95,11354.42,33.59,8957.05,33.69,8066.48,33.77,6663.64,34.32,8214.5,34.08,7554.68
300583.SZ,20190306,36.48,37.1,36.46,37.03,36.34,0.69,1.8987,13721.35,50500.678,36.06,13152.13,35.29,12200.86,33.89,9416.94,33.79,8388.0,33.77,6724.06,34.35,8208.4,34.08,7642.88
300583.SZ,20190307,37.02,38.02,36.57,37.72,37.03,0.69,1.8634,16812.43,62679.341,36.5,13872.65,35.74,13108.5,34.25,9973.51,33.93,8861.95,33.8,6887.13,34.4,8305.85,34.09,7745.13
300583.SZ,20190308,37.19,38.46,36.18,36.18,37.72,-1.54,-4.0827,18027.08,67353.882,36.64,15454.78,35.99,14290.41,34.49,10702.12,34.01,9334.48,33.8,7060.9,34.44,8430.71,34.08,7862.53
300583.SZ,20190311,36.0,37.51,36.0,37.51,36.18,1.33,3.6761,11926.43,44093.473,36.96,14213.46,36.23,14084.04,34.76,11020.53,34.13,9553.99,33.85,7116.29,34.49,8497.86,34.09,7937.44
300583.SZ,20190312,37.65,38.23,37.19,37.7,37.51,0.19,0.5065,15619.43,59119.26,37.23,15221.34,36.45,13977.86,35.02,11513.66,34.25,9867.47,33.9,7268.38,34.54,8617.35,34.1,8049.79
300583.SZ,20190313,37.8,38.18,36.72,37.11,37.7,-0.59,-1.565,13172.03,49660.647,37.24,15111.48,36.65,14131.8,35.25,11682.23,34.34,10189.41,33.96,7304.79,34.59,8712.58,34.11,8136.8
300583.SZ,20190314,37.13,37.31,35.61,36.17,37.11,-0.94,-2.533,10689.45,38898.683,36.93,13886.88,36.71,13879.77,35.43,11882.91,34.39,10358.1,34.01,7415.09,34.62,8770.97,34.11,8201.56
300583.SZ,20190315,36.27,36.91,36.18,36.6,36.17,0.43,1.1888,7718.0,28232.047,37.02,11825.07,36.83,13639.92,35.63,12032.24,34.46,10417.43,34.07,7471.46,34.66,8779.26,34.11,8242.22
300583.SZ,20190318,36.6,37.66,36.47,37.61,36.6,1.01,2.7596,10777.0,40046.639,37.04,11595.18,37.0,12904.32,35.84,12182.85,34.56,10525.86,34.13,7530.29,34.7,8815.93,34.13,8297.73
300583.SZ,20190319,37.61,37.92,37.4,37.64,37.61,0.03,0.0798,8503.0,32013.571,37.03,10171.9,37.13,12696.62,36.04,12025.52,34.77,10203.57,34.21,7592.88,34.74,8817.96,34.18,8178.91
300583.SZ,20190320,37.7,37.84,36.59,37.52,37.64,-0.12,-0.3188,8069.0,30165.195,37.11,9151.29,37.18,12131.39,36.23,12166.12,34.98,10321.76,34.29,7657.41,34.78,8816.45,34.22,8180.39
300583.SZ,20190321,37.7,38.15,37.53,37.87,37.52,0.35,0.9328,9964.0,37691.861,37.45,9006.2,37.19,11446.54,36.47,12277.52,35.23,10464.52,34.37,7751.63,34.83,8853.84,34.27,8215.46
300583.SZ,20190322,37.92,38.1,37.23,38.05,37.87,0.18,0.4753,9749.0,36759.712,37.74,9412.4,37.38,10618.73,36.68,12454.57,35.45,10674.32,34.46,7865.12,34.87,8873.29,34.33,8254.21
300583.SZ,20190325,37.39,39.47,37.02,38.38,38.05,0.33,0.8673,16951.0,65162.88,37.89,10647.2,37.47,11121.19,36.85,12602.62,35.66,11054.09,34.54,8092.47,34.93,9008.87,34.38,8349.42
300583.SZ,20190326,38.42,39.04,37.32,37.5,38.38,-0.88,-2.2929,11921.0,45533.118,37.86,11330.8,37.45,10751.35,36.95,12364.6,35.83,11259.55,34.61,8236.03,34.96,8976.51,34.42,8420.54
300583.SZ,20190327,37.66,37.95,37.18,37.59,37.5,0.09,0.24,7948.08,29848.146,37.88,11306.62,37.49,10228.95,37.07,12180.38,36.0,11197.8,34.68,8308.73,34.98,8913.53,34.47,8448.08
300583.SZ,20190328,37.28,38.15,36.88,36.91,37.59,-0.68,-1.809,10681.63,40070.04,37.69,11450.14,37.57,10228.17,37.14,12053.97,36.14,11331.33,34.73,8402.49,34.99,8850.05,34.5,8514.32
300583.SZ,20190329,36.87,37.88,36.58,37.88,36.91,0.97,2.628,11575.84,43209.356,37.65,11815.51,37.7,10613.96,37.26,12126.94,36.32,11559.48,34.81,8547.97,35.01,8851.7,34.55,8571.47
300583.SZ,20190401,38.35,39.27,38.05,39.09,37.88,1.21,3.1943,16814.45,65368.992,37.79,11788.2,37.84,11217.7,37.42,12061.01,36.51,11861.14,34.91,8674.88,35.01,8734.03,34.6,8655.2
300583.SZ,20190402,38.91,40.2,38.91,40.08,39.09,0.99,2.5326,19811.0,78327.177,38.31,13366.2,38.09,12348.5,37.61,12522.56,36.72,12133.18,35.03,8920.49,35.02,8725.67,34.66,8777.71
300583.SZ,20190403,40.04,40.26,39.51,40.15,40.08,0.07,0.1747,13345.63,53300.011,38.82,14445.71,38.35,12876.16,37.76,12503.77,36.94,12402.8,35.14,9081.95,35.03,8725.55,34.73,8852.71
300583.SZ,20190404,40.15,41.19,39.69,41.0,40.15,0.85,2.1171,18739.15,75736.671,39.64,16057.21,38.66,13753.68,37.93,12600.11,37.2,12769.57,35.26,9338.76,35.06,8763.38,34.8,8974.41
300583.SZ,20190408,41.2,42.49,39.68,39.7,41.0,-1.3,-3.1707,24199.62,99135.699,40.0,18581.97,38.83,15198.74,38.1,12908.74,37.4,13369.29,35.35,9613.53,35.07,8917.24,34.86,9139.22
300583.SZ,20190409,37.7,37.85,36.8,37.46,39.7,-2.24,-5.6423,31664.83,118223.981,39.68,21552.05,38.74,16670.12,38.1,13895.66,37.48,13958.45,35.4,10042.71,35.06,9150.14,34.92,9336.26
300583.SZ,20190410,37.06,37.69,37.06,37.45,37.46,-0.01,-0.0267,13544.25,50762.587,39.15,20298.7,38.73,16832.45,38.09,13791.9,37.54,13853.89,35.46,10206.99,35.03,9023.48,34.96,9392.83
300583.SZ,20190411,37.45,37.76,36.45,36.47,37.45,-0.98,-2.6168,15204.0,56098.974,38.42,20670.37,38.62,17558.04,38.06,13893.5,37.59,13972.93,35.5,10360.17,35.04,8922.85,34.99,9436.77
